filename,acne,eksim,herpes,panu,rosacea
ek72_jpg.rf.f74fea49903cedcea7b04a533e24d417.jpg,0,1,0,0,0
ek17_JPG.rf.f6f873b119d20d7d1bdd205319fafd68.jpg,0,1,0,0,0
ac82_JPG.rf.f8a46419523c67855f51b85e026c3d62.jpg,1,0,0,0,0
ro41_jpg.rf.f6e379de9b73192d368f73af3db15e5e.jpg,0,0,0,0,1
he75_jpg.rf.f8c79e98d3619f3d1cb743309cffe75a.jpg,0,0,1,0,0
ac7_JPG.rf.f7f1ad62d6aadfae9d7210e394831102.jpg,1,0,0,0,0
he45_jpg.rf.f75192780fd43771685991fdccfb2e35.jpg,0,0,1,0,0
ek99_jpg.rf.f7350295e03787a5321d7d74c17e08ee.jpg,0,1,0,0,0
he80_jpg.rf.f62c8c7036680a99b035667e93a469da.jpg,0,0,1,0,0
pa33_png.rf.f763601f98a437566f08cbf12206c53c.jpg,0,0,0,1,0
pa58_jpg.rf.f63c3bf3c7b2609a8b0958b526c6d36d.jpg,0,0,0,1,0
ro93_jpg.rf.f562d978fe4e2f62f4b06780cbc696ce.jpg,0,0,0,0,1
pa43_JPG.rf.f88a1fa1b5e632ad809fbd0f5cb90797.jpg,0,0,0,1,0
he74_jpg.rf.f4f71a2ddc3a129a82f05454212c77a7.jpg,0,0,1,0,0
ro100_jpg.rf.f7e619617231514b6f7d89211f74f8ed.jpg,0,0,0,0,1
ac89_JPG.rf.f90704f07c335dc9b0425d89fb3663bf.jpg,1,0,0,0,0
ac83_jpg.rf.f6861283d82da798d0544f3a51ddcf34.jpg,1,0,0,0,0
he56_jpg.rf.f7f9565628ee2979b85748ca75b0cc1a.jpg,0,0,1,0,0
he34_jpg.rf.f62730ee60eef48a473370c721b1bbb8.jpg,0,0,1,0,0
he94_jpg.rf.f93c05fdba0fdc81e412fec1de330577.jpg,0,0,1,0,0
ro31_jpg.rf.f94cd1caf3b8beb199b44146f7e138e9.jpg,0,0,0,0,1
ek63_JPG.rf.f6b0723815168cc4eacc88b7c59cf486.jpg,0,1,0,0,0
he82_jpg.rf.f9874289428daf83e3c0e45f76b29d46.jpg,0,0,1,0,0
he53_jpg.rf.f99baba33d3e94397cd0e5a665742245.jpg,0,0,1,0,0
ek38_JPG.rf.f6cac003d385591b40dbd909cfdb7eec.jpg,0,1,0,0,0
ac16_jpg.rf.f7882ed86561b6142dc1082772b04e6f.jpg,1,0,0,0,0
he36_jpg.rf.f9d4a6c48b5b8b44e640e28cd6dde991.jpg,0,0,1,0,0
pa59_jpg.rf.fa29544b3ab526151c6c9f5875579fb8.jpg,0,0,0,1,0
ac17_jpg.rf.f5a9f2fa49fbfa70f75f235829c5bfd1.jpg,1,0,0,0,0
ro84_jpg.rf.f5ce965da0d116257847e16b0c807457.jpg,0,0,0,0,1
ac85_JPG.rf.f8ebca365daaba8138ee2d022223aba6.jpg,1,0,0,0,0
pa15_jpg.rf.fa1047385aff7e5465b19e3acc9bbff3.jpg,0,0,0,1,0
ro16_jpg.rf.fad7194f4111b4514da60d7d35b2298a.jpg,0,0,0,0,1
ek68_jpg.rf.fc56209b3f94fac9a84c698a1be460f3.jpg,0,1,0,0,0
pa68_jpg.rf.fc296b244823ef6387344a9242c88de8.jpg,0,0,0,1,0
ac94_JPG.rf.fbc1ad7cdf6bda526513d9b3edda05aa.jpg,1,0,0,0,0
he15_jpg.rf.fc5c77546e23e98b58e8b23ddb75af5e.jpg,0,0,1,0,0
ro72_jpg.rf.fc9554591c626bc9a16c6224ee88dcda.jpg,0,0,0,0,1
ek13_jpg.rf.fd00efe017260157a2e1361792a6ce36.jpg,0,1,0,0,0
he50_jpg.rf.fcbcfbcb504d1efd1deb24ec96a633e6.jpg,0,0,1,0,0
pa80_jpg.rf.fe4d802c9c0273d4a8c20113f1ad2d87.jpg,0,0,0,1,0
he81_jpg.rf.fe526d46c74c042408fd1306798e503f.jpg,0,0,1,0,0
pa69_jpg.rf.fe880d94d5e5222c4c83e9a4bfa1cb1f.jpg,0,0,0,1,0
ek49_png.rf.feacf8369416c7db17d8076467b2f927.jpg,0,1,0,0,0
ac1_jpg.rf.ffa3ebdfb9c13f59b3b48ffcbc217c02.jpg,1,0,0,0,0
ro80_jpg.rf.fffaa529286873f58ad332e47d07384b.jpg,0,0,0,0,1
he62_jpg.rf.8fedc96b8c0619b6e621d295cf50597a.jpg,0,0,1,0,0
ac30_JPG.rf.9004f34eeb1a6f4ecbf9cf79fe4e2159.jpg,1,0,0,0,0
ro38_jpg.rf.8f15002f89aaad27f8aab3eb5a2c9e8a.jpg,0,0,0,0,1
ek83_jpg.rf.8ec342f35340aff3f49bffd79f2f91d8.jpg,0,1,0,0,0
ro11_jpg.rf.8ded5bf6083ece56c11e41f4535f93f0.jpg,0,0,0,0,1
ac92_JPG.rf.8cad9076a3319cc30bd2435f01f06d31.jpg,1,0,0,0,0
ro71_jpg.rf.8cb84dda28631aa86a112c587fc84c4a.jpg,0,0,0,0,1
pa71_jpeg.rf.8d417294e89eb91431a764a795cfc430.jpg,0,0,0,1,0
he37_JPG.rf.8d1c1112b626f96ad5148927ffb004d2.jpg,0,0,1,0,0
ro23_jpg.rf.8f3a40240492640be3ab3f8830aee272.jpg,0,0,0,0,1
pa48_jpg.rf.8cc14cbd33b98f5cf35f14a72fa67ff1.jpg,0,0,0,1,0
pa47_JPG.rf.8eadbd3278181244f0d569dd2bb48589.jpg,0,0,0,1,0
he3_jpg.rf.8d95a97975fa4ea5ff6e8c08b006c0f3.jpg,0,0,1,0,0
pa15_jpg.rf.8cc5f71957a28d3b69f079d60c4b11bb.jpg,0,0,0,1,0
pa12_jpg.rf.8e6132231aa5b85e3701220920f3faba.jpg,0,0,0,1,0
ek99_jpg.rf.8ce763a20b2774bd833eb2214f2c3461.jpg,0,1,0,0,0
ac37_JPG.rf.8e4f2f9a7b2413619f166eccc73d4d46.jpg,1,0,0,0,0
ro33_jpg.rf.8e72abf208b2f401c3586eef61bee02b.jpg,0,0,0,0,1
pa37_jpg.rf.8f769978a3261b369777ef8091b23078.jpg,0,0,0,1,0
ac64_JPG.rf.8e221913c85af57c30404c68698c41ac.jpg,1,0,0,0,0
ek7_jpg.rf.8e753d918204ebf43a7586617a5abcb3.jpg,0,1,0,0,0
ek3_jpg.rf.8f17d579b949ab64d21fd1c1f96fb63f.jpg,0,1,0,0,0
ek26_JPG.rf.8f4c758719adc3d3e2caf4d70dbbeb88.jpg,0,1,0,0,0
ek24_JPG.rf.8f85981572934e25f3b9eb17c47b1bba.jpg,0,1,0,0,0
pa69_jpg.rf.9042624207f9593da2afc142def10139.jpg,0,0,0,1,0
he13_jpg.rf.9091c2fdd57babe8f7e541ac7bab0a4a.jpg,0,0,1,0,0
he34_jpg.rf.8cedb461038237f7e6b72e26c211f797.jpg,0,0,1,0,0
he39_jpg.rf.905688e4e840f715f20879249e1d4c68.jpg,0,0,1,0,0
ek100_jpg.rf.902d22686bf251cd9da29e878bf5b359.jpg,0,1,0,0,0
ek62_png.rf.90fa6790d3361e14bc9ff776b0d67a78.jpg,0,1,0,0,0
pa92_jpeg.rf.90ff5d23b3c5c94eedf22e7667971488.jpg,0,0,0,1,0
ac44_JPG.rf.9154dc93796cbeae18f9c53b4e2dcd7e.jpg,1,0,0,0,0
ro81_jpg.rf.91aaf3119ad923ff23beffce589f33a4.jpg,0,0,0,0,1
pa17_jpg.rf.9233a4f618d728ea3e7ee3ee5ee73603.jpg,0,0,0,1,0
pa85_jpeg.rf.9110484012b34f8d18bbd698e4df3ae6.jpg,0,0,0,1,0
ac81_JPG.rf.921cbb29053bc5a3cac883237d2d4851.jpg,1,0,0,0,0
ac8_JPG.rf.91d3fb2b7b106a882b7a9cb2df598e61.jpg,1,0,0,0,0
he38_jpg.rf.92f54664361fad881cf253f97222bc26.jpg,0,0,1,0,0
ro6_jpg.rf.92fd3f2ee7fd17c45a3bced60a7b4b06.jpg,0,0,0,0,1
pa27_jpg.rf.9327f9a0cd3da665325915ff5f3b775f.jpg,0,0,0,1,0
ac35_JPG.rf.92854251ca57ff92c643a9d21345e58c.jpg,1,0,0,0,0
ek87_jpg.rf.9329250ba184c997a66bd34c4e75175c.jpg,0,1,0,0,0
he35_jpg.rf.93ba4ffa10e183eb40acbfc3ee9dd7a1.jpg,0,0,1,0,0
ac20_jpg.rf.9376e14f8a15c1a3d5556ffe16b1d179.jpg,1,0,0,0,0
ac25_JPG.rf.93a464c65a42b5b20824de7912ea380b.jpg,1,0,0,0,0
he19_jpg.rf.940ac838ce01e6c85f7fa3a1e47ce782.jpg,0,0,1,0,0
pa70_jpeg.rf.93c0c1c1443e7822883ea2fe6197372c.jpg,0,0,0,1,0
ac10_JPG.rf.94b3db545594ba86c13445c9045a5c66.jpg,1,0,0,0,0
he43_jpg.rf.94b782175156ff469fb691c0cc6db771.jpg,0,0,1,0,0
ro83_jpg.rf.95d505361962e1b96bf31d44e28edaba.jpg,0,0,0,0,1
pa53_JPG.rf.945e08a6f2069182134e528935a79871.jpg,0,0,0,1,0
ac56_JPG.rf.94c48a3872093ade808fab593d0f0b0d.jpg,1,0,0,0,0
he23_jpg.rf.95fc92259c78ae227b1b1c32ae148392.jpg,0,0,1,0,0
ro64_jpg.rf.97494047448e01648b37fcbbdc9b7be7.jpg,0,0,0,0,1
ac38_JPG.rf.962d85d2885cfcbda004d3832a0a383f.jpg,1,0,0,0,0
ek15_JPG.rf.97b82869eda0aa083a216d4ab2b2eec0.jpg,0,1,0,0,0
ac60_JPG.rf.987f5fdbfc5bd96593e2a65985e27515.jpg,1,0,0,0,0
ro57_JPG.rf.98fd5957a53d3c058b3bde1874f53caf.jpg,0,0,0,0,1
ek79_jpg.rf.97fa42846ccca430a2ac86a70ecd598f.jpg,0,1,0,0,0
he13_jpg.rf.986595f8eebe84e4b48ba4fd572b3dd5.jpg,0,0,1,0,0
ek25_JPG.rf.987c87bb73a328d194a9e18474b963ca.jpg,0,1,0,0,0
ro49_jpeg.rf.98634850c8400c4c50edac2b07be67d1.jpg,0,0,0,0,1
pa87_jpeg.rf.998f60c203079ba4a0ff49cce0f69919.jpg,0,0,0,1,0
pa1_jpeg.rf.99a1f6e3a461ddcbaae1fa6aba71f178.jpg,0,0,0,1,0
he84_JPG.rf.99d678d447906a7af439850e50f8e60c.jpg,0,0,1,0,0
ro10_jpg.rf.99d435fc8e61bbff26f4aa749810b99e.jpg,0,0,0,0,1
ek76_jpg.rf.9935aa0ca1c7330ed63947f88a3b2364.jpg,0,1,0,0,0
ro16_jpg.rf.99cc954bf77f0550d4132b50c2f2119c.jpg,0,0,0,0,1
ro21_jpg.rf.99e6c8aed260c897fe05618cb0cbeae6.jpg,0,0,0,0,1
ac30_JPG.rf.99589e3ff560d1de91da77c59e36551f.jpg,1,0,0,0,0
ro84_jpg.rf.99c89d9a867d8186cee9917862a14f7b.jpg,0,0,0,0,1
ac36_JPG.rf.9a2642f9e4baac11352870c4c8d492b8.jpg,1,0,0,0,0
ro6_jpg.rf.9be53b64b6c7e7aaf0b9666f2584c844.jpg,0,0,0,0,1
ro100_jpg.rf.9a580d13af58e683dffe03ef8bdef1eb.jpg,0,0,0,0,1
ac34_JPG.rf.9b94af74070ad4eea6ed22d73ebcebd8.jpg,1,0,0,0,0
he59_jpg.rf.9bf40fd49c2cb4170bc4b33dcd86bc2c.jpg,0,0,1,0,0
pa72_jpg.rf.9ae01ac0f87a075b43b8ba42baf51732.jpg,0,0,0,1,0
pa7_jpg.rf.9be2982ad24dfd4a5cea215cb976e551.jpg,0,0,0,1,0
ek13_jpg.rf.9c33659abc359156012dae8bbfa596e5.jpg,0,1,0,0,0
pa2_jpg.rf.9c226315aed162c32a50dfa9770655df.jpg,0,0,0,1,0
he9_jpg.rf.9c97cf919acdc47c786e93b77bde13ab.jpg,0,0,1,0,0
ac15_jpg.rf.9cdfc44fb501dc042e4df6fcbd2e227c.jpg,1,0,0,0,0
ek99_jpg.rf.9d275d8d5f803f8299b12da6f7b82647.jpg,0,1,0,0,0
ek26_JPG.rf.9d22e6b7c18bd1cef03a5f8f6d2b0054.jpg,0,1,0,0,0
he62_jpg.rf.9d059b6e151b85cf2347b730657c77bf.jpg,0,0,1,0,0
pa33_png.rf.9d0e8671f64b96d31802db196d10f1c1.jpg,0,0,0,1,0
ro54_jpg.rf.9d95a3427751e0ef3b7a7d417ba4cdf8.jpg,0,0,0,0,1
he54_jpg.rf.9f2282920c1c8bba1e13a30407b71bfe.jpg,0,0,1,0,0
ro97_jpg.rf.9d7e12e86f602ad8388a1a3237fcc954.jpg,0,0,0,0,1
ac2_jpg.rf.9dc54c681b1c6816233982e1436a0901.jpg,1,0,0,0,0
ac11_jpg.rf.9d885a2214da3826bebf9d576966998c.jpg,1,0,0,0,0
he30_jpg.rf.a01fba1d4f7b7fbe31689b0fe051ee0a.jpg,0,0,1,0,0
ro95_jpg.rf.9fb6c9126fe0567baff55507c8b028a5.jpg,0,0,0,0,1
he86_jpg.rf.a02cdb6714256aef66c28565ac11fdf3.jpg,0,0,1,0,0
ro72_jpg.rf.a08c6d9aba48b5c3ed864c0f6adcb4e2.jpg,0,0,0,0,1
ac90_JPG.rf.a03a3615ece50fd38b32382233b638d6.jpg,1,0,0,0,0
ro67_jpg.rf.a1227611619a79621f360f7042e51224.jpg,0,0,0,0,1
ek48_JPG.rf.a1602dad29e61bc6a848338a78f05060.jpg,0,1,0,0,0
he18_jpg.rf.a1b39548b8e25ca0e69ca4823b0a0edc.jpg,0,0,1,0,0
ek59_jpg.rf.9f197933de2494005ac6d3debdd511be.jpg,0,1,0,0,0
he90_jpg.rf.a209671dc321500b6cf5cee2b53cab97.jpg,0,0,1,0,0
pa65_jpg.rf.a1891d7cc20bc0128c63eb2b74ffa1b8.jpg,0,0,0,1,0
ro37_jpg.rf.a24cb32e1f8a0808156189822fedf901.jpg,0,0,0,0,1
he38_jpg.rf.a1f1bbb0bd9ce553655075ebebeaedac.jpg,0,0,1,0,0
pa35_jpg.rf.a292d6faeb364130f9b37f4b46a95574.jpg,0,0,0,1,0
pa74_jpg.rf.a1f22f211979a439af4a37b0102fa58b.jpg,0,0,0,1,0
ac69_JPG.rf.a2b80c19f37645b070b8ff2ed93b0bad.jpg,1,0,0,0,0
ek41_jpg.rf.a2716fb1e585036faae343f19642ee86.jpg,0,1,0,0,0
ac51_JPG.rf.a2721c0f213a276a4993feb8c5f145e0.jpg,1,0,0,0,0
ac49_JPG.rf.a396f2096773d4d6f5f96325af0ff095.jpg,1,0,0,0,0
pa44_jpg.rf.a30af3c7b52ca1e8fa77a7b58bbce48c.jpg,0,0,0,1,0
pa73_jpeg.rf.a286176c0ee6cf5096aba198c33cef27.jpg,0,0,0,1,0
he18_jpg.rf.a3a3772d95c00656700063db7329af55.jpg,0,0,1,0,0
ek30_JPG.rf.a44560ddd2afc9710f34131d0f1e70d2.jpg,0,1,0,0,0
pa7_jpg.rf.a2fdebc9e0f131ab4313f84a62f022a3.jpg,0,0,0,1,0
he15_jpg.rf.a32231d6d4b692e646dc8e1179e641f5.jpg,0,0,1,0,0
he70_jpg.rf.a402787a9ee5655c0fe6e7c35bbfd1c3.jpg,0,0,1,0,0
he76_jpg.rf.a49568abcf718dfd1b4508cb2fe41a0e.jpg,0,0,1,0,0
ac79_JPG.rf.a5ba011ec4c74a9fd1b5908c5d4688db.jpg,1,0,0,0,0
ek93_jpg.rf.a4ed24f4d1092b47d2ad85585f7e8289.jpg,0,1,0,0,0
ek21_jpg.rf.a50fb51341b67284f699d94f188536a6.jpg,0,1,0,0,0
ro44_jpg.rf.a4e9388542e0528bc4f7993dc8073b8a.jpg,0,0,0,0,1
ac21_jpg.rf.a741950873c35487e2cd966bceb82a4f.jpg,1,0,0,0,0
he61_jpg.rf.a7e7a9f1638e5e9325b52a8745c87f7b.jpg,0,0,1,0,0
ac35_JPG.rf.a5fe492c41f480e932e0bacc30ede666.jpg,1,0,0,0,0
ro55_jpg.rf.a754faa00515e02bc36ac1320587325a.jpg,0,0,0,0,1
ro65_jpg.rf.a8b4194505894052eb74ccca607d3c87.jpg,0,0,0,0,1
pa99_jpg.rf.a8cefc4d1cb3c4032d41d8e29891fbd9.jpg,0,0,0,1,0
ro1_jpg.rf.a938435b3c12a870dde7318e13fea0cc.jpg,0,0,0,0,1
he11_jpg.rf.a7f671b688bfb5b1b7ca86e6249cecb8.jpg,0,0,1,0,0
pa21_jpg.rf.a9417a593e5390be0431eceb8f97dbc7.jpg,0,0,0,1,0
ac96_JPG.rf.a93e8379d2f4e3b6cff8c26dac8f78f3.jpg,1,0,0,0,0
he61_jpg.rf.a97fda3f5198c586e6ecfcaa0740191b.jpg,0,0,1,0,0
ek44_jpg.rf.a97d67d4e687d3f9233bb7fd54359508.jpg,0,1,0,0,0
ek90_jpg.rf.a9b227d47e12e0736bb15049c8f2b97b.jpg,0,1,0,0,0
he73_jpg.rf.a9f741d6d64b160d7e78fa643a043796.jpg,0,0,1,0,0
ro58_png.rf.a98513f4a73d3318095998d47b8d311e.jpg,0,0,0,0,1
ek4_jpg.rf.a9d8f8f9b3262510ef03b19f1bf0485f.jpg,0,1,0,0,0
ek90_jpg.rf.a99ea70a7579329192b79bfd7c03dac4.jpg,0,1,0,0,0
ro9_jpg.rf.a9bd46de71a2430174b2e5c4fccd0d5a.jpg,0,0,0,0,1
ek16_JPG.rf.aa776e19c37ada35f9110ea59fde258d.jpg,0,1,0,0,0
he86_jpg.rf.aa694e93e8f3f7c6bc73c8ebc4393afb.jpg,0,0,1,0,0
ro92_jpg.rf.a9cbc4083575df22d22ce1576ed1eb4f.jpg,0,0,0,0,1
he100_jpg.rf.aa0337e0b53e286d22da19be90357b33.jpg,0,0,1,0,0
ek3_jpg.rf.a96c275b5334a0d77af0a4407867dea0.jpg,0,1,0,0,0
ac47_JPG.rf.aa9304602f3cd91e1a5edc2d10da2f30.jpg,1,0,0,0,0
ek62_JPG.rf.ac0daf166e18a64792e4fb3f2112855e.jpg,0,1,0,0,0
he26_jpg.rf.ac0d49422653e76b12b4c15321ca8ef3.jpg,0,0,1,0,0
ek55_JPG.rf.ac50db769fb5d6ed6a417a60e64b3ca3.jpg,0,1,0,0,0
ek98_jpg.rf.aa8672c3f89bc2fc7a712ebf30131fdc.jpg,0,1,0,0,0
ac43_JPG.rf.abec4249c892f353de526c8543167a11.jpg,1,0,0,0,0
he45_jpg.rf.ab15bad65f5a0bce6953f5c26c21d338.jpg,0,0,1,0,0
ro14_jpg.rf.ac00560247e1ebbf6de18bed7abdfcc9.jpg,0,0,0,0,1
pa69_jpg.rf.ac6d8df69d75e61a70089f631ac51a83.jpg,0,0,0,1,0
ac67_JPG.rf.ac58a0a23328fad89d64b68106f065fe.jpg,1,0,0,0,0
ac33_JPG.rf.ac89308ab1998776643a1350c360ce19.jpg,1,0,0,0,0
ro61_jpg.rf.ac9efcde9a11926d28e31e87b3206cf8.jpg,0,0,0,0,1
he10_jpg.rf.ad6a81e36b9a325e3d645058a9adfabb.jpg,0,0,1,0,0
pa28_jpg.rf.acfa3751c7e52c40c4d7525aac3019fe.jpg,0,0,0,1,0
pa80_jpg.rf.ad8dc640151eda31e1fb19b1bd9ed729.jpg,0,0,0,1,0
ac84_jpg.rf.af2585865b780c260c55fc0c79029209.jpg,1,0,0,0,0
he62_jpg.rf.aebcd9c137d0ddd21ef1e99de12ae3b3.jpg,0,0,1,0,0
ro21_jpg.rf.ae4fffb813935e83551fec19ceebac29.jpg,0,0,0,0,1
ac38_JPG.rf.ad6a92ae74b8791feffc87a7e1b9d3b9.jpg,1,0,0,0,0
he53_jpg.rf.af2a5cc1940c29bca2360eb17a3e624a.jpg,0,0,1,0,0
pa28_jpg.rf.afd3d1d213f2474cf5d142f12f439629.jpg,0,0,0,1,0
he88_jpg.rf.afbff2dfdfdd8866c8933c44fea5fbf5.jpg,0,0,1,0,0
ro95_jpg.rf.afc067e1fcf515d42c9506f1c9beb92f.jpg,0,0,0,0,1
ro17_jpg.rf.ac62be6ae73bc32bd6cd158244a959de.jpg,0,0,0,0,1
he37_JPG.rf.ae6ddf28fe30cd3599cf278307269f3d.jpg,0,0,1,0,0
ro47_jpg.rf.b0bd40a10da23ce37a15331a747d2b20.jpg,0,0,0,0,1
pa70_jpeg.rf.b15606756129a49df6d53fd1a8d83f38.jpg,0,0,0,1,0
ro41_jpg.rf.b22484064c78ff0c01685bd04f803fcd.jpg,0,0,0,0,1
ek22_JPG.rf.b02f1ca1eaf0af1f8069f47ed1f75231.jpg,0,1,0,0,0
ac96_JPG.rf.b2312f3487300d5fbcdf7ca3c8561c10.jpg,1,0,0,0,0
ro49_jpg.rf.b035e8c09597e35c8e2eaafafd02158f.jpg,0,0,0,0,1
pa17_jpg.rf.b25440af64751e1e675133e3e84cd7e1.jpg,0,0,0,1,0
ac5_jpg.rf.b2ce4a12cbb3e5aef24775a4886c299a.jpg,1,0,0,0,0
ro50_jpg.rf.b21cf80835523fdb2c6b8325b6189a4d.jpg,0,0,0,0,1
ek65_JPG.rf.b31dd06f3b5d04d815cb0f0ccf780f75.jpg,0,1,0,0,0
pa64_jpg.rf.b31927a64fb427c292acc4d0f94e6204.jpg,0,0,0,1,0
pa40_jpg.rf.b2e9b3eb3e6da251203f06a99d4c0391.jpg,0,0,0,1,0
ek19_jpg.rf.b3d1a1219b9aa340637535f53b62ab21.jpg,0,1,0,0,0
he13_jpg.rf.b3409bbeb817b1c5c01ebc4d7072889a.jpg,0,0,1,0,0
ek18_JPG.rf.b4b652229aaa84fcf81859a8b3a04ff5.jpg,0,1,0,0,0
ac87_png.rf.b4009b51783b1cbb928e4a51c1bad238.jpg,1,0,0,0,0
pa55_jpg.rf.b540512df0b7dda041d9e936f72691e1.jpg,0,0,0,1,0
ro27_jpg.rf.b566cfd06999d2a4d6d5fd1e508a6b71.jpg,0,0,0,0,1
ac21_jpg.rf.b540cda0ca5ca9de9a47e31ccd898cb3.jpg,1,0,0,0,0
he79_jpg.rf.b5507d42314dc0e9294ba6a1daa721b0.jpg,0,0,1,0,0
he58_jpg.rf.b6137d67434283ed8a3631fa215160cd.jpg,0,0,1,0,0
pa30_jpg.rf.b5624cc141015132352f155b804e675d.jpg,0,0,0,1,0
ek32_jpg.rf.b6e8542866ad34fa25ae4d919a69984b.jpg,0,1,0,0,0
pa13_jpg.rf.b6fc512fa8ae20ca0c4ba1e55da05078.jpg,0,0,0,1,0
ro32_jpg.rf.b6ed08acfc9647578960e8bbef77d53f.jpg,0,0,0,0,1
ac59_JPG.rf.b6a6fab3484d3502b3aceb6ba622f050.jpg,1,0,0,0,0
pa25_jpg.rf.b5adae199dda713035d2637df32d731d.jpg,0,0,0,1,0
ek95_jpg.rf.b7247c264ff8b2af7b148a38ea5db228.jpg,0,1,0,0,0
he46_jpg.rf.b5f685fc9d4673df74eeb17c552408a2.jpg,0,0,1,0,0
ro9_jpg.rf.b71b937b346ff2d5b96d3d05b70c5c4a.jpg,0,0,0,0,1
ek55_JPG.rf.b734846bc6eb973ba3caba880b87e686.jpg,0,1,0,0,0
ro47_jpg.rf.b8183696f7261283beb8140dd1351516.jpg,0,0,0,0,1
ac18_jpg.rf.b7414b2a59ef0b737a8634d8b0c24e2f.jpg,1,0,0,0,0
pa83_jpeg.rf.b7eb1df4f0bc03dc5183717c99f2c27e.jpg,0,0,0,1,0
he2_jpg.rf.b7af949380f15105b1a1c8dc178e9676.jpg,0,0,1,0,0
ek41_jpg.rf.b888edfc23934510e5000bf3b2f8dc38.jpg,0,1,0,0,0
pa7_jpg.rf.b8769c0ee4f10d33600f2fe55d44bf38.jpg,0,0,0,1,0
ac57_JPG.rf.b7c0c86f909ac936e5b442eec5d75f68.jpg,1,0,0,0,0
ro71_jpg.rf.b873eb3d0c12f47353eef0eb9e704ff7.jpg,0,0,0,0,1
he52_JPG.rf.b82007e315575e8be10971332e7f79fd.jpg,0,0,1,0,0
pa97_jpeg.rf.b90aa39be153be8fc6b5ee3e5344aac6.jpg,0,0,0,1,0
he85_png.rf.b8d61485ccaa7b6e7a683de86043b99d.jpg,0,0,1,0,0
ro66_jpg.rf.b9e83b3f1333b5b82a85809c904ae34b.jpg,0,0,0,0,1
ro58_png.rf.b8a2485ff33bfe9b84d809cdbe97ac3a.jpg,0,0,0,0,1
ro59_jpg.rf.ba16595bed540f44bba1b06ec12c7f3b.jpg,0,0,0,0,1
ac100_JPG.rf.ba3d749a1197adca7fed7ac6d4156418.jpg,1,0,0,0,0
he94_jpeg.rf.b9cccd271537555d87f52fe5d8895bfc.jpg,0,0,1,0,0
ro88_jpg.rf.ba67a4ed9a013377fcc506ac84d71c69.jpg,0,0,0,0,1
pa71_jpeg.rf.ba63aba2edc759882c20c131298b861a.jpg,0,0,0,1,0
he85_png.rf.ba689da1a69ae4e628a96205796421f4.jpg,0,0,1,0,0
ro29_jpg.rf.b92e9ab22128a8c96400c06e5886bfe0.jpg,0,0,0,0,1
pa51_jpg.rf.ba5206306ee97d12c6aa03672956d41c.jpg,0,0,0,1,0
he20_jpg.rf.ba7d568a07ad4d2a7c10ac9165e23dab.jpg,0,0,1,0,0
he32_jpg.rf.ba947d9bd36c93008368a617abf7bb10.jpg,0,0,1,0,0
pa60_jpg.rf.bbe0e1df7e0869ae3ac79963441d49c9.jpg,0,0,0,1,0
ro31_jpg.rf.bbf1d14142f9b1ba0d3c74d96f44f308.jpg,0,0,0,0,1
he97_jpg.rf.ba6e4dbd99050dcde74e0747049b07ad.jpg,0,0,1,0,0
pa96_png.rf.bbeb92b9649c13f512eb4e3f26beab9d.jpg,0,0,0,1,0
ro100_jpg.rf.bcdbf7678d56af5a6bc6f2fb6172b08e.jpg,0,0,0,0,1
he82_jpg.rf.bca6650aa11a557b3647429fae3b042f.jpg,0,0,1,0,0
ac3_jpg.rf.bce2084e37eef6dd26c6aa06f7921e52.jpg,1,0,0,0,0
he22_jpg.rf.bc8fbe00db5495effd388b094fee9b61.jpg,0,0,1,0,0
pa54_jpg.rf.bcb9e27f991dc5c457f68790eb88a910.jpg,0,0,0,1,0
he57_jpg.rf.bc568ba078dd50d5211b486e5d619dd6.jpg,0,0,1,0,0
he9_jpg.rf.bd8091d5303d91752e3057a93e902e9e.jpg,0,0,1,0,0
pa39_jpg.rf.bd27d7264bb671ce40e80ed5e52b827b.jpg,0,0,0,1,0
pa64_jpg.rf.bd431eb89eae730f6265d920f7e83e5c.jpg,0,0,0,1,0
pa92_jpeg.rf.bdb12dbf2c76e41123e97388ce3a0d82.jpg,0,0,0,1,0
he1_jpg.rf.bd8b537ef393183092d8a0036381a1f1.jpg,0,0,1,0,0
pa77_jpg.rf.bdf251868678bc06e2d35f2b9cd3a8f3.jpg,0,0,0,1,0
ac83_jpg.rf.be769bfab79fb01581b16b6100ded62d.jpg,1,0,0,0,0
ek50_jpg.rf.be657d7ead0df0fe1e940ead621e4f73.jpg,0,1,0,0,0
he84_JPG.rf.bde6cdaf1fbeb9c1ff4b376fe5e134d3.jpg,0,0,1,0,0
pa63_png.rf.bef292cd89073e8a9ad4bb3469a1c2fe.jpg,0,0,0,1,0
ek59_jpg.rf.bd8703a5d3d5099d6627288770223b97.jpg,0,1,0,0,0
pa14_jpg.rf.bf0f5703a1bcd94dd3ea2db9ce480f2c.jpg,0,0,0,1,0
he40_jpg.rf.be29aa82ba4e297b096e104c08eb7faf.jpg,0,0,1,0,0
he31_jpg.rf.bf47f45c7a10641e1d99b340315898fe.jpg,0,0,1,0,0
ek56_JPG.rf.bef75ed60365c3869b088ddcd215d912.jpg,0,1,0,0,0
he75_jpg.rf.be6665301f3b829e0bd690a11a1c6d5b.jpg,0,0,1,0,0
ro55_jpg.rf.2284a26c22cb2fde2850c0a88485d181.jpg,0,0,0,0,1
ro70_jpg.rf.21eb4772ad671f7e867dc47ffde73674.jpg,0,0,0,0,1
he34_jpg.rf.221ac4edb87c21084f76f1076dc5f884.jpg,0,0,1,0,0
pa16_jpg.rf.1f918edefcbf8aee2949f7a9c80b1b8f.jpg,0,0,0,1,0
ek68_jpg.rf.2212e9babfbd37b665f94316b4879e90.jpg,0,1,0,0,0
he79_jpg.rf.2247d2d2d71a707f0292083b581185c1.jpg,0,0,1,0,0
he58_jpg.rf.1ff0ab9ba2a068029f69668bc2ab2660.jpg,0,0,1,0,0
pa89_jpeg.rf.20f56fba015f46b79cf690ed4732fdc6.jpg,0,0,0,1,0
ac100_JPG.rf.214e87d0046201115468ccbda5146d89.jpg,1,0,0,0,0
ac68_JPG.rf.1fc63e5d73458a63e839371bedf5782e.jpg,1,0,0,0,0
pa19_jpg.rf.2381bedb45d20e0d4b8b290af7707b53.jpg,0,0,0,1,0
pa86_jpg.rf.2239803bd302b36b1194037e2b2c2ddb.jpg,0,0,0,1,0
he59_jpg.rf.20730ed36313d4bcebae3b1c092356f1.jpg,0,0,1,0,0
he29_jpg.rf.232ba05260f416224a4bf4222999a901.jpg,0,0,1,0,0
ac8_JPG.rf.1faa9336676ada01ed7bd45917b6788f.jpg,1,0,0,0,0
he78_png.rf.23209e542586245b9ae920f5b2f38040.jpg,0,0,1,0,0
ac80_JPG.rf.243a7ecad3f1235bf34687c3167d13e7.jpg,1,0,0,0,0
ac51_JPG.rf.1f67f4b0fcd3475fbb5f7aa8c25d9bff.jpg,1,0,0,0,0
pa97_jpeg.rf.22db0ba04661309042cde81d7dc14fd3.jpg,0,0,0,1,0
he57_jpg.rf.20f43434ca6088195806f38f73c16668.jpg,0,0,1,0,0
ek39_JPG.rf.23175680a2196e2530bb1c850aa324ed.jpg,0,1,0,0,0
he93_jpg.rf.246b2ebe3d539f85f11711d26f71170f.jpg,0,0,1,0,0
pa59_jpg.rf.2226ba19555b9e88d81d81e3cd4f6f72.jpg,0,0,0,1,0
ek96_jpg.rf.242fd1d5a45ed2856de8b5b3da6f9818.jpg,0,1,0,0,0
ro85_jpg.rf.2352b98cc25d878efac84c5e378fccaf.jpg,0,0,0,0,1
ro16_jpg.rf.24a07c70c82a9d174d30c240c77755ba.jpg,0,0,0,0,1
he56_jpg.rf.24b79d7fc148114b7e99d91a5a5b9fb8.jpg,0,0,1,0,0
ek74_jpg.rf.24e149fa0d1b898148794bb88214d075.jpg,0,1,0,0,0
pa11_jpg.rf.24f15b768be5cd7c3c8f05c402285a78.jpg,0,0,0,1,0
ek100_jpg.rf.251fc5dd405199e20eaa9b8432603de5.jpg,0,1,0,0,0
ac12_jpg.rf.2565ec71dc8654f1ba8f69b6cee611c9.jpg,1,0,0,0,0
he59_png.rf.2529d8db2c9ccad36a58e50857d55eba.jpg,0,0,1,0,0
ac79_JPG.rf.258e71c68165b55df4465e462ee013e1.jpg,1,0,0,0,0
ac7_JPG.rf.25e030c8a44905c6b0fa2cfdd7222c76.jpg,1,0,0,0,0
ro53_jpg.rf.2609dcc0217b38db6d1e9dc04b93640b.jpg,0,0,0,0,1
he70_jpg.rf.25e3cad98583396bfceddb356ae500a0.jpg,0,0,1,0,0
ac53_JPG.rf.2650c04b5d0a5bfcb52701d7d938a3ec.jpg,1,0,0,0,0
ro51_jpg.rf.2655344201a452236232ebcdc0bfb0ca.jpg,0,0,0,0,1
ek77_jpg.rf.2676a0f657a79493cd560c618e3984c4.jpg,0,1,0,0,0
ac1_jpg.rf.266da77334b1c4fd15d8c8782f2beae3.jpg,1,0,0,0,0
ro10_jpg.rf.267e0e736e0317753cd68fbf11799a21.jpg,0,0,0,0,1
he4_jpg.rf.2704fabcc0fd3991201d8d5f5faf738c.jpg,0,0,1,0,0
he70_jpg.rf.268b2c644ee4e3e9a0ebdd5d708aed90.jpg,0,0,1,0,0
ac7_JPG.rf.26c7312f361318de425ed669ea6a7e25.jpg,1,0,0,0,0
pa38_jpg.rf.274bbe88c569d18af263b36dd53cb64e.jpg,0,0,0,1,0
ac84_jpg.rf.2832dee2eafeb3b33800ac50cc4e6696.jpg,1,0,0,0,0
ek57_JPG.rf.280f51bbc5a783da610ce18230ca51cf.jpg,0,1,0,0,0
ek72_jpg.rf.283c682bb8fab05f20fa67417ed0540d.jpg,0,1,0,0,0
ro54_jpg.rf.289d9fe98ce55670eadfa007e68ec986.jpg,0,0,0,0,1
ek74_jpg.rf.287d70451d234916d2d7e528c26d94e6.jpg,0,1,0,0,0
ek64_jpg.rf.27f27a2d652aacea937bec4444d1e0c1.jpg,0,1,0,0,0
pa27_jpg.rf.2939632448c0dceafbc1e2b6e041683e.jpg,0,0,0,1,0
ek29_JPG.rf.28f2802762ed4869d7670a72f45840c0.jpg,0,1,0,0,0
ek45_JPG.rf.28d71cf08b76151e4216089b800b7181.jpg,0,1,0,0,0
ek20_jpg.rf.293a187b6964cd6438a1dd352584e367.jpg,0,1,0,0,0
ek71_jpg.rf.296e095d6211188e3d74513684abf106.jpg,0,1,0,0,0
ro27_jpg.rf.29caa6584419d2dcef2a91b19e7d49b4.jpg,0,0,0,0,1
ek30_JPG.rf.2a5f7577caa031a326a636e361bc0fb9.jpg,0,1,0,0,0
he4_jpg.rf.29fadd36d007b34f472bc9aa2b458a14.jpg,0,0,1,0,0
ac26_JPG.rf.29e4d8dd6184dfa478f9aefd57bd25b7.jpg,1,0,0,0,0
ro75_jpg.rf.2b00ec61040e24e098f3d08d04c94bd3.jpg,0,0,0,0,1
ek47_jpg.rf.2b8ed74ae2144fc20ada2304371ff584.jpg,0,1,0,0,0
ek61_JPG.rf.2b2cf81a75cf57edb3c88bac66479d78.jpg,0,1,0,0,0
he41_jpg.rf.2bcf378a17d18f7cf1752df9db333da6.jpg,0,0,1,0,0
ro2_jpg.rf.2c1ef4198a1b261c8614ede0fb9d418f.jpg,0,0,0,0,1
pa89_jpeg.rf.2bf3650efbf5662a896a548d898641d5.jpg,0,0,0,1,0
he16_jpg.rf.2ca8739ca140a3ecfa662a3e6d3aa704.jpg,0,0,1,0,0
he44_jpg.rf.2bf487b60aeb3c8bff223a385a858117.jpg,0,0,1,0,0
ac17_jpg.rf.2badb9f5f0e09107b214247346593fc6.jpg,1,0,0,0,0
ro4_jpg.rf.2cb5d0d3b2642931b7ab0f517f825a2e.jpg,0,0,0,0,1
ac9_JPG.rf.2cb80d908b24a73ccb060eb9965af55c.jpg,1,0,0,0,0
pa32_jpg.rf.2ccc04f3926faa7d661f3338dc69eae5.jpg,0,0,0,1,0
pa59_jpg.rf.2cc28b576a30ca59e0ae3b955cb30c9e.jpg,0,0,0,1,0
ek42_JPG.rf.2d04cb8f426224f89544ca689c25fb13.jpg,0,1,0,0,0
ek78_jpg.rf.2dcce893bffa9b92c7c1dbb3c92662cd.jpg,0,1,0,0,0
ac80_JPG.rf.2d7f0f89c1d72363d6769795b9f75457.jpg,1,0,0,0,0
he79_jpg.rf.2d87df93b9884154d32ff523806bffb7.jpg,0,0,1,0,0
pa84_jpeg.rf.2e1ec31bc5c8e49c932709526f04170e.jpg,0,0,0,1,0
ac79_JPG.rf.2eb13e70f8b2236b41983427109cd09b.jpg,1,0,0,0,0
ro19_jpg.rf.2e4635da9f6a5c2e96eb5bd3cf0ce430.jpg,0,0,0,0,1
pa60_jpg.rf.2e18ebfea4da240b7c53a84f3b4f09cd.jpg,0,0,0,1,0
pa51_png.rf.2ec0f0005635b76c8a4ccae217a8e338.jpg,0,0,0,1,0
he29_jpg.rf.2eb3c2f871d469d07c8274a8e40f0973.jpg,0,0,1,0,0
ac33_JPG.rf.2e0ab283409038279203c40d69e3899a.jpg,1,0,0,0,0
he7_jpg.rf.2ea3fc52f9040cd301f0c9c629543587.jpg,0,0,1,0,0
ek17_JPG.rf.2ee2d09d3d1c9a4814e69235c3250b62.jpg,0,1,0,0,0
ek75_jpg.rf.2f2488f67632a0c89f65a45aa2a16f08.jpg,0,1,0,0,0
ek98_jpg.rf.3003531bf63e80a43d798d30a79137c7.jpg,0,1,0,0,0
ro80_jpg.rf.2f3ffb181f337f7ecb11ef3219d7374f.jpg,0,0,0,0,1
ek50_jpg.rf.2f6c3dafcf30bdf83697517d4b40bc25.jpg,0,1,0,0,0
ro70_jpg.rf.2f9884b51f765b9b2a7808b4d9c6342c.jpg,0,0,0,0,1
ek47_jpg.rf.2ef1e21d06f04a4446139d99e1264e0f.jpg,0,1,0,0,0
ro68_jpg.rf.3032b08f7a3208f688a8681842fcb8f2.jpg,0,0,0,0,1
he67_jpg.rf.304213b97c3383d65bd2a27fc30aba77.jpg,0,0,1,0,0
pa1_jpeg.rf.301633f17bb1d614f961e5745adb8b4d.jpg,0,0,0,1,0
ek36_JPG.rf.307062d7375ea8c49c1dcc906a31500d.jpg,0,1,0,0,0
ek62_png.rf.306dba676c3dcdcb47891140b939453d.jpg,0,1,0,0,0
ro92_jpg.rf.312083a13c87322de62285aea7e1fdbe.jpg,0,0,0,0,1
ac18_jpg.rf.31d0b2a8805f01f694443d7b9b7bdf87.jpg,1,0,0,0,0
he100_jpg.rf.303d4d4b207136e105c22ae857eb4b1c.jpg,0,0,1,0,0
ro62_jpg.rf.304199d9c8a89df1cf1016df801afaa0.jpg,0,0,0,0,1
he88_jpg.rf.3093730de5526032feb96eeead686937.jpg,0,0,1,0,0
ek27_JPG.rf.31c4025647f3d6bc5595bebfebddade2.jpg,0,1,0,0,0
ro78_jpg.rf.310be425bc1a7ac97981ce26fb3dcc0f.jpg,0,0,0,0,1
ek80_jpg.rf.322bdbab4678973e618ec3786a003025.jpg,0,1,0,0,0
pa82_jpeg.rf.322f7b1f18162bed8112e422a4814d54.jpg,0,0,0,1,0
ac23_JPG.rf.327345a8bb88cf599c5b4319cd891b69.jpg,1,0,0,0,0
ek62_JPG.rf.33880f099844ccd81a1d9f9eacf7a79e.jpg,0,1,0,0,0
ek25_JPG.rf.3171a5e6c27f890a21ed2997a68c0298.jpg,0,1,0,0,0
ro53_jpeg.rf.32ebfef049cf017723e3ca840de8c0f6.jpg,0,0,0,0,1
ac42_JPG.rf.32259e3cf6ab370a3dae115651e370f9.jpg,1,0,0,0,0
pa3_jpg.rf.32fed4e942a642eea4a24f124ce0bd3d.jpg,0,0,0,1,0
pa92_jpeg.rf.343cb766603c2617768dfdaa711cee16.jpg,0,0,0,1,0
ro55_jpg.rf.32e9b7266cdc8a26ad25e1ec9aa52e51.jpg,0,0,0,0,1
ac6_JPG.rf.343e2a4856b695f4c4d02b5f65cb18c3.jpg,1,0,0,0,0
pa1_jpeg.rf.34553febc44117d709e6213ad25a18e6.jpg,0,0,0,1,0
ac3_jpg.rf.36321fd2aab6323e82d5899fba91c658.jpg,1,0,0,0,0
ac6_JPG.rf.3663d5d71f801952ba2fd1db6aecc0de.jpg,1,0,0,0,0
ac65_JPG.rf.34d7ea4f1394970adfb726cab78bd1aa.jpg,1,0,0,0,0
ek9_jpg.rf.36e89f29cb4fbe0288d0a4ef64807a05.jpg,0,1,0,0,0
ro47_jpg.rf.37106e3bc3f7503031e67023b128349b.jpg,0,0,0,0,1
he28_jpg.rf.3586aca204d05edd184033480f983201.jpg,0,0,1,0,0
ac86_JPG.rf.375103b531d804895c6d5ae1abf93e78.jpg,1,0,0,0,0
ro62_jpg.rf.37b823edd8a33f9ef81e68258ba1e83a.jpg,0,0,0,0,1
pa13_jpg.rf.37c6143b9791631e66234f7c70d57614.jpg,0,0,0,1,0
ek64_jpg.rf.37cbdb93f2919e5b786d4b18349a489d.jpg,0,1,0,0,0
ek6_jpg.rf.354a51f7f9b1bd3f72c26aac15b675fb.jpg,0,1,0,0,0
ac49_JPG.rf.383dfa76c98401817df9ba32e1ce2154.jpg,1,0,0,0,0
ac65_JPG.rf.38c1807033c0e5a278747457fc80630e.jpg,1,0,0,0,0
ro95_jpg.rf.39211fc7dcfca2d87d5cf39d39aff711.jpg,0,0,0,0,1
ro17_jpg.rf.3a8464833b7700cacb38d77eefd98593.jpg,0,0,0,0,1
ek78_jpg.rf.3a82d3936f77575afe016e8d7e18725d.jpg,0,1,0,0,0
ek28_JPG.rf.3ac4b4333d47a71b9bd6c5ec3d565dbe.jpg,0,1,0,0,0
he94_jpg.rf.3b29aa26710c967e28ffb2e2061c6699.jpg,0,0,1,0,0
he82_jpg.rf.3a97d01cffb59a1119bd574abc0acec1.jpg,0,0,1,0,0
ac46_JPG.rf.39f6be46894e450da314716fc1d12929.jpg,1,0,0,0,0
ac31_JPG.rf.3abe44d050156c4055103c18414992ee.jpg,1,0,0,0,0
ro90_jpg.rf.3bf5cb88cf75dbe679e252d5b7e77104.jpg,0,0,0,0,1
ac31_JPG.rf.3b7efcf1fa1a23a67a496a2872666cdb.jpg,1,0,0,0,0
pa93_jpeg.rf.3c0d3549f60eaa885e82cdc9c40718fd.jpg,0,0,0,1,0
ro96_jpg.rf.3ce19e715b5a8246955462e5c39c2514.jpg,0,0,0,0,1
ek89_jpg.rf.3d37803c47d295749b4a0a655edd0fcd.jpg,0,1,0,0,0
he36_jpg.rf.3cbde6b45380096c52b038ea8dfe8995.jpg,0,0,1,0,0
ro40_jpg.rf.3d428e484cc6d5c9aaed8806c4ed6b78.jpg,0,0,0,0,1
ek2_jpg.rf.3c5f02d51fb13bdfe39debf778700019.jpg,0,1,0,0,0
ac57_JPG.rf.3db67f4fc8b5ed83951502a52255e570.jpg,1,0,0,0,0
ek95_jpg.rf.3ee328160c75932f199e431948ca7b8f.jpg,0,1,0,0,0
he53_jpg.rf.3eb460db125b492bdc3ee07d2d8cd0f8.jpg,0,0,1,0,0
ro24_jpg.rf.3eaf6248aa3154676e85b505834d58d1.jpg,0,0,0,0,1
pa43_JPG.rf.3f59bcc65cc90e4f183d5a2d0a72955b.jpg,0,0,0,1,0
ac46_JPG.rf.3f69f185e0e8bb3b83975bfa4c71ef0b.jpg,1,0,0,0,0
pa66_JPG.rf.3dda440dad3f86d5ec27563e15e4199e.jpg,0,0,0,1,0
he73_jpg.rf.3fd4ebc519d8e26dac621e3e764c94f0.jpg,0,0,1,0,0
pa65_jpg.rf.405b8224b395946d0c13b86dd4fb044b.jpg,0,0,0,1,0
ek30_JPG.rf.403dfe79dafa21d913f4260202c48eb5.jpg,0,1,0,0,0
ac90_JPG.rf.407ea60c6c9b56d872dda6125ea1eeae.jpg,1,0,0,0,0
ac80_JPG.rf.40abfc568d8186a66adb4c7a3507aec6.jpg,1,0,0,0,0
pa99_jpg.rf.4118eda3d758edc6b2d27a17b78c3a2d.jpg,0,0,0,1,0
ek32_jpg.rf.41bf2817a3a0ec7b21076e910ab99d3b.jpg,0,1,0,0,0
ro40_jpg.rf.405a8f20e4cdf076e6402cae6c8c87a7.jpg,0,0,0,0,1
ek46_JPG.rf.41f72c80eb66a11ea67be29f87928bb4.jpg,0,1,0,0,0
pa97_jpg.rf.4224f0e8b8fed7db5cfce6c856b11759.jpg,0,0,0,1,0
ro82_jpg.rf.42e4396beb12bac3bc868583641b8a4f.jpg,0,0,0,0,1
ac82_JPG.rf.41fe29a142881f91ced475cb7379900c.jpg,1,0,0,0,0
ek42_JPG.rf.433c984dc26a4a0de2b5f3f48b133891.jpg,0,1,0,0,0
ek71_jpg.rf.441a546e589e1d673788237d568a32f5.jpg,0,1,0,0,0
ek24_JPG.rf.4216e3ffd2be574f1c7f4b6af23beebe.jpg,0,1,0,0,0
ac9_JPG.rf.434e72574f42465e7bead23325a0cfe9.jpg,1,0,0,0,0
pa49_jpg.rf.43fc364b9d919ba4a74361a823778000.jpg,0,0,0,1,0
pa85_jpeg.rf.452c4f4f2fbd1b75c5df7e2c622e916d.jpg,0,0,0,1,0
ac99_JPG.rf.44dbc1f61e0166431d05f0cb26e5d42d.jpg,1,0,0,0,0
ro19_jpg.rf.4430fc23927904421be24107dd128636.jpg,0,0,0,0,1
ac39_JPG.rf.45acf0cdb47969ca143a50785e0b4c20.jpg,1,0,0,0,0
ac20_jpg.rf.46a9775ae000d9ac17c05e6f53215241.jpg,1,0,0,0,0
he1_jpg.rf.46db47a27891fbf199725e0466ffd90a.jpg,0,0,1,0,0
he38_jpg.rf.46288c0d218ff88a2dae554c65e98137.jpg,0,0,1,0,0
ek6_jpg.rf.480cb16581ec54e35fa096c4a02e1884.jpg,0,1,0,0,0
ro48_JPG.rf.4797fc771ff2119885fa45ca85afac50.jpg,0,0,0,0,1
pa42_jpg.rf.47b1531e85dd604cf455487d53e1516b.jpg,0,0,0,1,0
ek59_jpg.rf.468a6ebd8a15d4743900fc728c014b27.jpg,0,1,0,0,0
ek48_JPG.rf.47eac1fe7ca847093f6b3e14490afeb5.jpg,0,1,0,0,0
pa33_png.rf.489259a4bb4ca7897197dc8e059f5d99.jpg,0,0,0,1,0
he57_jpg.rf.4862d2500b5b6bc702f709d45ffe2794.jpg,0,0,1,0,0
ro49_jpeg.rf.489c1ac35def704f12446704553bc7a4.jpg,0,0,0,0,1
ek36_JPG.rf.491235731f853a90430a044e715e1749.jpg,0,1,0,0,0
he46_jpg.rf.485584180eae937f3c81d3d7210be530.jpg,0,0,1,0,0
pa47_JPG.rf.4957472c9f372fed0d5a64b483dde045.jpg,0,0,0,1,0
pa60_jpg.rf.48d698b03e853bd8cf32819caa536b0e.jpg,0,0,0,1,0
pa11_jpg.rf.49bc48d255ca4bd005b920f679d3b646.jpg,0,0,0,1,0
ek94_jpg.rf.49c24157faed30cdcdd3b919079b2c2e.jpg,0,1,0,0,0
ek58_jpg.rf.4a0d1084ba3222cacde4188bfe5f6c0a.jpg,0,1,0,0,0
he21_jpg.rf.4a8969b965aed23a787bb2db93497819.jpg,0,0,1,0,0
ro81_jpg.rf.4af9633b1a2028d2aaa1b00186e7b4dd.jpg,0,0,0,0,1
pa58_jpg.rf.4b7e40e1cd9a87516be362b3a819e7c4.jpg,0,0,0,1,0
he28_jpg.rf.4a7bac555c5ac2dfc6edea5e2a205ba5.jpg,0,0,1,0,0
he65_JPG.rf.4b667e2cf69d8bb211ba23359abed6ad.jpg,0,0,1,0,0
ro59_jpg.rf.4b54ca07b3bf227b812cd6edf3b9002e.jpg,0,0,0,0,1
he69_JPG.rf.4c339bd8110d38f901338006b452d5fc.jpg,0,0,1,0,0
pa30_jpg.rf.4bbe545df09859a7c09be4cc969e78f6.jpg,0,0,0,1,0
ek50_jpg.rf.4c5d5c3f410cb63fbff86e77c74a9c55.jpg,0,1,0,0,0
ac78_JPG.rf.4c655109b4b17f124b3f02757749ee55.jpg,1,0,0,0,0
pa17_jpg.rf.4cde2f4ffffdba04d2f66d6d09f57493.jpg,0,0,0,1,0
ek77_jpg.rf.4d2a41bccf65511149ac3abdaf3f380f.jpg,0,1,0,0,0
pa55_jpg.rf.4c7db9115c3eb90bff55cfe9b808eca4.jpg,0,0,0,1,0
ac22_JPG.rf.4db0ae9ac966e7af397f102ce1521c7a.jpg,1,0,0,0,0
ek19_jpg.rf.4d5fd34ec464b7c86f4a3d3bc4f7c609.jpg,0,1,0,0,0
pa39_jpg.rf.4d8e35b40eda7a682f0db51a368d4d7a.jpg,0,0,0,1,0
ro48_JPG.rf.4dde96a87a01a8af088c282ab2145a90.jpg,0,0,0,0,1
ek95_jpg.rf.4d1d3db98517f95b6afa8b609e0ebcda.jpg,0,1,0,0,0
ro27_jpg.rf.4e3e8ce9ee4aa60c0e1243d4c0347e52.jpg,0,0,0,0,1
ac46_JPG.rf.4e42018378e4b66459fafc8447152fc8.jpg,1,0,0,0,0
ac83_jpg.rf.4ed76b9227d8a048185d115223a1b84d.jpg,1,0,0,0,0
ek47_jpg.rf.4eff4fa62aa9222a682eeef3a0c71ef4.jpg,0,1,0,0,0
pa10_jpg.rf.4df2283de03572ef6eb6601a224b6499.jpg,0,0,0,1,0
he67_jpg.rf.4f70a0a74afaf699ebcf5ba79b99e6d1.jpg,0,0,1,0,0
pa3_jpg.rf.4efa73ef912572df42c42be9625a4289.jpg,0,0,0,1,0
ro32_jpg.rf.4f6c7a27ce7c1f191293f6134a56ef2c.jpg,0,0,0,0,1
ro85_jpg.rf.4f6ec4cc2ab224fd49472b4a6162cecb.jpg,0,0,0,0,1
pa74_jpg.rf.4fe6e38b99bfe910561d010cef0e1a4a.jpg,0,0,0,1,0
ek17_JPG.rf.4fc09da2730196f94dea4614c10f5c10.jpg,0,1,0,0,0
ro40_jpg.rf.509e41e8ef4e77f2d6f20a0bd4195ee4.jpg,0,0,0,0,1
he16_jpg.rf.501432974e1c351befe8e2dcb4365e74.jpg,0,0,1,0,0
ek15_JPG.rf.4f7df105272cbd345065bf3ababb0b94.jpg,0,1,0,0,0
ac87_png.rf.501aebeffc117bfac40ef09e05cd0a61.jpg,1,0,0,0,0
ac64_JPG.rf.4fbc2417cf531878c03ac42dfe324d4c.jpg,1,0,0,0,0
ro52_JPG.rf.50d537bf811e9698fe8903fe38d625aa.jpg,0,0,0,0,1
ro72_jpg.rf.5168929851acd0b53ce1b1a0c419a095.jpg,0,0,0,0,1
pa34_jpg.rf.517d8539c9acd48b9239769f7510f8db.jpg,0,0,0,1,0
pa12_jpg.rf.5144e9851fb47de382393b7531cac2bb.jpg,0,0,0,1,0
ek65_JPG.rf.51a72da0f31494ee2146e94528e82201.jpg,0,1,0,0,0
pa61_JPG.rf.52097fa1cacccf39b09add4d31622d3d.jpg,0,0,0,1,0
ek5_jpg.rf.52134da4209d9294ca27b8f15cd3c43f.jpg,0,1,0,0,0
he75_jpg.rf.535b8845fafa28710fc556ca048a8e30.jpg,0,0,1,0,0
pa37_jpg.rf.540335d71b637baa7f79cd73282931b9.jpg,0,0,0,1,0
ro13_jpg.rf.5360e8c4a278151ba5aaecc73d79bb13.jpg,0,0,0,0,1
pa15_jpg.rf.521e716d760b243a941319eae73636fe.jpg,0,0,0,1,0
ro91_jpg.rf.5368f908b28b7e59e7be5575c8c44e23.jpg,0,0,0,0,1
he86_jpg.rf.5353738d1cff50367894c684c5785a6f.jpg,0,0,1,0,0
ek23_jpg.rf.543716f163fdd36b6ee6ae2918c14d18.jpg,0,1,0,0,0
ro93_jpg.rf.53cb27237b3e827ef2665bcb64069826.jpg,0,0,0,0,1
he78_png.rf.5437f8b77c553351a5f44465d25692ad.jpg,0,0,1,0,0
he48_jpg.rf.5476377401fade9cc10edfcc24fe770c.jpg,0,0,1,0,0
pa32_jpg.rf.544a89906d41b1364ff5296f0218866b.jpg,0,0,0,1,0
ac16_jpg.rf.545428aa4a01bca9f557bb642580b940.jpg,1,0,0,0,0
he80_jpg.rf.543bde6acb4e458579fb19bac36fae9f.jpg,0,0,1,0,0
pa56_jpg.rf.54aba9a910f6cf7bd1ab71f473a68ac6.jpg,0,0,0,1,0
ac19_jpg.rf.5572d71caf81051149a09412f886ca11.jpg,1,0,0,0,0
pa48_jpg.rf.5539c33eead4bdab418f913565d0c082.jpg,0,0,0,1,0
ro49_jpg.rf.53713a3c15a300a7868b22f979c735ad.jpg,0,0,0,0,1
pa49_jpg.rf.55f32a02d5721dc786dbc7bfd49c2002.jpg,0,0,0,1,0
ro33_jpg.rf.5b6daa2c51ac027a71435a0f4cbf78b5.jpg,0,0,0,0,1
pa72_jpg.rf.5a1135905199e8f9f6abbaaa354d4228.jpg,0,0,0,1,0
ek18_JPG.rf.5b26d26b58b1a5f85321a826667588e4.jpg,0,1,0,0,0
ek51_jpg.rf.56502256dfd376d1bfa56ad5ae9d8390.jpg,0,1,0,0,0
he20_jpg.rf.5b815d4bb7613288e8d8119de330c5bb.jpg,0,0,1,0,0
pa57_jpg.rf.57dbd620d527b31aac113b49b6ff6ba5.jpg,0,0,0,1,0
he71_jpg.rf.55f485590926ae9b731bcbfa2f88cc19.jpg,0,0,1,0,0
he44_jpg.rf.58dd1085a9f2e1d38917a0f93f3edfc4.jpg,0,0,1,0,0
ac81_JPG.rf.5938484f563c72631ef75e69e53e81be.jpg,1,0,0,0,0
ro61_jpg.rf.5a8551daa1854ff3fd2518bed2d99ba3.jpg,0,0,0,0,1
he61_jpg.rf.5858a2ff9e1babac08f1ee9e1ed64c57.jpg,0,0,1,0,0
pa100_jpeg.rf.58fa2316ec9c20a1bf4c05da3120833b.jpg,0,0,0,1,0
ac86_JPG.rf.5ade475b501059c44416e66eb80f6250.jpg,1,0,0,0,0
ro77_jpg.rf.5c4cfc6f4592ede02ad031c6bffa4e17.jpg,0,0,0,0,1
ek79_jpg.rf.585a4db1ba2509d722b37540bbeaccff.jpg,0,1,0,0,0
ek5_jpg.rf.58c11270520b42f63ce388f96f49de69.jpg,0,1,0,0,0
pa40_jpg.rf.5a34c307f102cfa72e1214a9014de274.jpg,0,0,0,1,0
ro88_jpg.rf.5814f488c799fa85f98a5ebd0968c4a8.jpg,0,0,0,0,1
ro13_jpg.rf.574250fb6858d2484f83bb14d0468266.jpg,0,0,0,0,1
ac27_JPG.rf.5bc21f4005740ab018976dcfb09c23a4.jpg,1,0,0,0,0
he91_jpg.rf.570eecb2e0b41cab7b20beac987e7770.jpg,0,0,1,0,0
pa64_jpg.rf.5737bb435b71e2c20c4319878905de82.jpg,0,0,0,1,0
pa16_jpg.rf.59bf25bbd9bb309b86f3fcda5780c6de.jpg,0,0,0,1,0
ek73_jpg.rf.5bca428c3254f218a861cfadc116016b.jpg,0,1,0,0,0
pa14_jpg.rf.5c951aa5b36a0ffd8c9439bbaaec9b68.jpg,0,0,0,1,0
he72_jpg.rf.5dd36c1341659463221e6a1752fe0421.jpg,0,0,1,0,0
he35_jpg.rf.57f13ae06b77e4d73f8ca5b5d9896d32.jpg,0,0,1,0,0
ek54_jpg.rf.5d500c19dfe2c25cecd9fa198ff713b4.jpg,0,1,0,0,0
he51_jpg.rf.5df966a31ae21581cb879a751f311d7f.jpg,0,0,1,0,0
pa2_jpg.rf.5d83b17e004bf468ad630318633a6c85.jpg,0,0,0,1,0
ro26_jpg.rf.5e2e6477f7dd37368dacdf907c2ba90c.jpg,0,0,0,0,1
ek73_jpg.rf.5e33413e1e53431e222049ef501da422.jpg,0,1,0,0,0
ek2_jpg.rf.5e1028c67e8053f48e931192aa4f7385.jpg,0,1,0,0,0
ro60_jpg.rf.5e4d4461ab305abb1fbfb1ca8de3aef9.jpg,0,0,0,0,1
ek9_jpg.rf.5e842c1c67da2f579476baa755766a8e.jpg,0,1,0,0,0
he9_jpg.rf.60d89f9bbf260ebeeefbcf0d6ae38d97.jpg,0,0,1,0,0
he64_jpg.rf.5eb215aa9dc43da66fd4ad671060c04c.jpg,0,0,1,0,0
he40_jpg.rf.5eda4c79a53fd78f9a9974025118f9e6.jpg,0,0,1,0,0
he30_jpg.rf.60236af5a5661b05ddd2f8e4d357509f.jpg,0,0,1,0,0
he59_jpg.rf.61fb44040a6c2396d3b1fc6843e4330c.jpg,0,0,1,0,0
ac60_JPG.rf.6233ca02c8c46dff73a157f0f8031bbb.jpg,1,0,0,0,0
ro61_jpg.rf.62b13f9648825e9c2067fd0b332500fe.jpg,0,0,0,0,1
ek6_jpg.rf.6019c990deb1ed119fdd40293795e2fd.jpg,0,1,0,0,0
ac81_JPG.rf.61aabefaa0e3f8300d240f3170d57665.jpg,1,0,0,0,0
he42_jpg.rf.62f6ae7bd8ef47760b2b78cf117092cb.jpg,0,0,1,0,0
he33_jpg.rf.63b8464bb66a0b8fd3d763fe3bff6880.jpg,0,0,1,0,0
he54_jpg.rf.631bceeb56b2a91dae3ddec927eb3bf1.jpg,0,0,1,0,0
ac5_jpg.rf.62fea43d1282098f0ba08b8481c1fa0e.jpg,1,0,0,0,0
ek19_jpg.rf.6423228673d30094d12bd07cb40b8c54.jpg,0,1,0,0,0
he19_jpg.rf.6479bdff1a8c65d5080381e3a9ab64d2.jpg,0,0,1,0,0
ek33_JPG.rf.64a595d858d9e2e6073de80f88d86997.jpg,0,1,0,0,0
ro75_jpg.rf.647c73d398f7dfe4d0c8fa4372f810aa.jpg,0,0,0,0,1
ek21_jpg.rf.65d69ec5f07db55e87405aa7b312b5b8.jpg,0,1,0,0,0
pa19_jpg.rf.64601843c0081f75eef04aac90e13e1d.jpg,0,0,0,1,0
ac28_JPG.rf.653ac44137cf2e16babf2b6e30390b9c.jpg,1,0,0,0,0
ek11_jpg.rf.64aa38cc121851442fd134e96f4e37a2.jpg,0,1,0,0,0
he18_jpg.rf.649bbd2ebd1448f62ba5bea59a32b4d5.jpg,0,0,1,0,0
ac15_jpg.rf.65de570a9bbf15de4e8226bd4567a48b.jpg,1,0,0,0,0
ac5_jpg.rf.6624f4e859d1c041c85a37672bf5e554.jpg,1,0,0,0,0
ro96_jpg.rf.6617af114b9b65ba231bd4872a3131a3.jpg,0,0,0,0,1
ac92_JPG.rf.68b3e8a8ba18afb875ff05696e00349f.jpg,1,0,0,0,0
ro65_jpg.rf.691a9bee8563c92a1c8bf5c51d3fa6bb.jpg,0,0,0,0,1
ac63_JPG.rf.669bc7828025db2c2de7cea5dd58edd2.jpg,1,0,0,0,0
ac16_jpg.rf.6798b6fff3a52f39c1bce71bfe4a29b5.jpg,1,0,0,0,0
pa100_jpeg.rf.6922e559d7c754c426c88805cd3a96cc.jpg,0,0,0,1,0
ac67_JPG.rf.6979c0c6fdc8e59431068a2e1833ea21.jpg,1,0,0,0,0
ac24_JPG.rf.692ab425ff514739e21ea3e10ddf6c8e.jpg,1,0,0,0,0
ek65_JPG.rf.696dfb17498bfb363a00fbb53813209c.jpg,0,1,0,0,0
ac70_JPG.rf.694af70c67aec7d8b37499ed1b3d9c80.jpg,1,0,0,0,0
he90_jpg.rf.6a1681c175d3403676348045b0b05d87.jpg,0,0,1,0,0
ac68_JPG.rf.6a334a584d75233e04af7a847adbdd6e.jpg,1,0,0,0,0
ek33_JPG.rf.69b500407d3e7f9166f5a5f6f58a9953.jpg,0,1,0,0,0
ro12_jpg.rf.69a61dad42437e707a8e59e1fd60f948.jpg,0,0,0,0,1
ek3_jpg.rf.698f458d35fe7ea14a7acd353a2f1f80.jpg,0,1,0,0,0
he59_png.rf.6a7a8ddd692aa485e9a40ec5f56d02ff.jpg,0,0,1,0,0
pa33_jpg.rf.6aa0a599697666076693e2f566902305.jpg,0,0,0,1,0
ek36_JPG.rf.6b462286b1135d4bd1f76a50b3e109da.jpg,0,1,0,0,0
he94_jpeg.rf.6a7c59c14c25f77db495658d69a175a4.jpg,0,0,1,0,0
he26_jpg.rf.6c0419ca02b8baac79b06564418e34f7.jpg,0,0,1,0,0
ro9_jpg.rf.6ca250f84d349165df9436f5265011a5.jpg,0,0,0,0,1
pa84_jpeg.rf.6d6c07e8481e9d391104f003330bc9ae.jpg,0,0,0,1,0
he94_jpg.rf.6cf9d7250e19976e972e3fb1cc4e353a.jpg,0,0,1,0,0
ro82_jpg.rf.6c55fdd78bda075ffc7f7742e98653ad.jpg,0,0,0,0,1
ac66_JPG.rf.6ceb4d6ce044e6106d53df329c8bd1cc.jpg,1,0,0,0,0
he76_jpg.rf.6d901ad11816029353ee35426dd687f8.jpg,0,0,1,0,0
pa28_jpg.rf.6e13df5bed824e9837ba96493de70f63.jpg,0,0,0,1,0
ek45_JPG.rf.6df324fd30d57f78cc0014c104112e73.jpg,0,1,0,0,0
ro37_jpg.rf.6cb4d16555e32901e375d3ac4940ca5e.jpg,0,0,0,0,1
he16_jpg.rf.6e56f8cb0307ddb707357cb9e2c2db92.jpg,0,0,1,0,0
ac11_jpg.rf.6edf33995732aa4a4559210db6a91a6a.jpg,1,0,0,0,0
pa90_jpg.rf.6e5a11f45ab93a3e88d3c8e16e42c463.jpg,0,0,0,1,0
pa22_jpg.rf.6e529ec9912e5305428428138075c5a4.jpg,0,0,0,1,0
ro81_jpg.rf.6f62766b95c063eb780eb99224b7cd3c.jpg,0,0,0,0,1
pa86_jpg.rf.6f46ede7da5d8da6d050bea54f78b11a.jpg,0,0,0,1,0
ac67_JPG.rf.6ed6e7d5209e957adbacd48d6b5d4c45.jpg,1,0,0,0,0
ro25_jpg.rf.6dc6b33e65634f76521e4fe727f00e40.jpg,0,0,0,0,1
ro29_jpg.rf.6f836ed61648124c5582a3c43e86aa65.jpg,0,0,0,0,1
ek20_jpg.rf.6fe2b3845ad05c0a79f6207ec50e7f73.jpg,0,1,0,0,0
ac19_jpg.rf.6f81ef67cb94732030af21eb6dba7a8a.jpg,1,0,0,0,0
ro96_jpg.rf.6f28823b744c473fb8e3ed88f041fc42.jpg,0,0,0,0,1
ro25_jpg.rf.7006bc57e3d1f5ca122fb4676b560a38.jpg,0,0,0,0,1
ro26_jpg.rf.703620c38e63a2f9ca153830cade6be7.jpg,0,0,0,0,1
pa53_JPG.rf.701f7d983ae5fe888993ac38f2190184.jpg,0,0,0,1,0
ac20_jpg.rf.703b85d6b8deb24670acb451d950ada4.jpg,1,0,0,0,0
ek26_JPG.rf.7040635e81347bef94920360dc9776c6.jpg,0,1,0,0,0
pa27_jpg.rf.70b11786feef41206ca7116b56b7dc87.jpg,0,0,0,1,0
ac17_jpg.rf.70ff32e70739b437c17cf8747ce70e10.jpg,1,0,0,0,0
he21_jpg.rf.715c64c3ec318e04d589cd397e6f37f6.jpg,0,0,1,0,0
he72_jpg.rf.712f4193bab6f52f0fbd5116e1e2e2b2.jpg,0,0,1,0,0
pa10_jpg.rf.71122d2e9047bf1f6454d89d8f281003.jpg,0,0,0,1,0
ro83_jpg.rf.70802dbf37c6b4fde54be22a301e79c8.jpg,0,0,0,0,1
ac49_JPG.rf.714d1bb51cbeb661106040b746ae41ef.jpg,1,0,0,0,0
he40_jpg.rf.713451ec94df8f0b2c940b024cff4c9c.jpg,0,0,1,0,0
ro77_jpg.rf.72116d501915f93babc7ad2b29c8def6.jpg,0,0,0,0,1
ro12_jpg.rf.71ec81dcc8e36ac7d365c1a9c1187f1f.jpg,0,0,0,0,1
pa75_jpeg.rf.7281b69f42eaf622c35dbe652e09bf17.jpg,0,0,0,1,0
pa24_jpg.rf.71fc72f008ec9a06ea5d314db97218a2.jpg,0,0,0,1,0
he33_jpg.rf.72be8d9a3ab9bbca449837f0e73b0d67.jpg,0,0,1,0,0
ro58_png.rf.730b6db56d6ad2e22f9eb4bd63b94436.jpg,0,0,0,0,1
ac38_JPG.rf.72e6aa53f704a4a313b07d0ba64d1ca2.jpg,1,0,0,0,0
ac33_JPG.rf.72cf5e1635996bd50ba799c678bfc046.jpg,1,0,0,0,0
ek16_JPG.rf.72fb3b372edd356b9775a0812782cddd.jpg,0,1,0,0,0
he28_jpg.rf.72cee42cedc531ed2d92d7809123d7e1.jpg,0,0,1,0,0
he39_jpg.rf.732449ed4ab82eae81e8300ecccc4271.jpg,0,0,1,0,0
he63_jpg.rf.7315004e75c9f4495db5a53ff5be7c29.jpg,0,0,1,0,0
he89_jpg.rf.73124a1c84d4e6f81650d607f4e56132.jpg,0,0,1,0,0
ro57_JPG.rf.73f08b9055b220f2472af65e2e7f254a.jpg,0,0,0,0,1
ac61_JPG.rf.7393bb7af1ad72c107332fc62ea84a5c.jpg,1,0,0,0,0
ac65_JPG.rf.73f379c7075775fa4e3feb0257824b79.jpg,1,0,0,0,0
ek60_jpg.rf.73166f1f2be9e625117b7fcf00e3ac5d.jpg,0,1,0,0,0
ek93_jpg.rf.7409dddc4ab9a493b80e74735c460e21.jpg,0,1,0,0,0
ac61_JPG.rf.744dc5e536ed9d5b36824d5626f39d91.jpg,1,0,0,0,0
ek97_jpg.rf.7428775ee657a018420eb8ff1196ab45.jpg,0,1,0,0,0
ek81_jpg.rf.74a72b3a7efe8fba405687e93b09e905.jpg,0,1,0,0,0
he90_jpg.rf.74b02e9f70b9670d7a618f69fc0ee6a0.jpg,0,0,1,0,0
ro59_jpg.rf.74ae99bf18554fe09095e297043105ff.jpg,0,0,0,0,1
ac27_JPG.rf.749aa139845e469f600bf4fa1faf9bf4.jpg,1,0,0,0,0
ro3_jpg.rf.74c03c0b2e5fb6bfd4491b227bdcac98.jpg,0,0,0,0,1
ro2_jpg.rf.74cf39f437d34c8519ce01689b9f36cd.jpg,0,0,0,0,1
ac94_JPG.rf.74c870a8065ee723cc23f16f770e1073.jpg,1,0,0,0,0
pa86_jpg.rf.74d45961771da195a9782209c394d77d.jpg,0,0,0,1,0
ac36_JPG.rf.75935e95fcd77f4d59e1b870c3a997d0.jpg,1,0,0,0,0
ek56_JPG.rf.758ffe15f9f485ed58be86fcc4792daf.jpg,0,1,0,0,0
ac56_JPG.rf.760a484d3d96878fdcf8e6771f9b9fee.jpg,1,0,0,0,0
he84_JPG.rf.772d1909b39eaa6ce4cf2801df0fe023.jpg,0,0,1,0,0
ro37_jpg.rf.7663b980dda2676b78818a92009476e9.jpg,0,0,0,0,1
ro52_JPG.rf.783c3a366f7b4779bcd9120fde3732a9.jpg,0,0,0,0,1
ro91_jpg.rf.75774a5e164ae3b9eeec8dc87f9cf46f.jpg,0,0,0,0,1
ek60_jpg.rf.77d8341dfe98087ff422b8378e9c34ec.jpg,0,1,0,0,0
pa14_jpg.rf.785b4d2950a1b0ad2f0cd5a8c00f861e.jpg,0,0,0,1,0
ek48_JPG.rf.797fb0499b56625491f8a7ce6ef7a191.jpg,0,1,0,0,0
ro53_jpg.rf.786d5116080e597dfb78d3cfb3d0e8ea.jpg,0,0,0,0,1
pa93_jpeg.rf.78f234cf21a71fa744548f08918bf288.jpg,0,0,0,1,0
pa56_jpg.rf.78593876faa9ad06add2065aa6d6f239.jpg,0,0,0,1,0
ac66_JPG.rf.7851b968e17d2444a3c4f39f31a43508.jpg,1,0,0,0,0
ek81_jpg.rf.79c0eb37c2a343fa83e434b755e984f9.jpg,0,1,0,0,0
pa82_jpeg.rf.7a23d651680271c307837ad05347fa1b.jpg,0,0,0,1,0
ac8_JPG.rf.7a023b210d1f83f3e39bada9ed75d207.jpg,1,0,0,0,0
ac89_JPG.rf.79ef95c5e69d4ef0a3b31473b496ea44.jpg,1,0,0,0,0
ek97_jpg.rf.78e00b9bb6d376ac3644fbcdf5e1c98e.jpg,0,1,0,0,0
ro90_jpg.rf.79fa68d303e7ea15b55196589d566488.jpg,0,0,0,0,1
ro21_jpg.rf.7a512eca87bab2b8edee5236bc0ce73e.jpg,0,0,0,0,1
ac6_JPG.rf.7a52878fbae652c5ef1c07a643b61bc5.jpg,1,0,0,0,0
ro1_jpg.rf.7a30e4130edcbe77bca5318a7fb03657.jpg,0,0,0,0,1
pa100_jpeg.rf.7a2fc9614ad3250bc839d059802b5aa2.jpg,0,0,0,1,0
pa10_jpg.rf.7a585603cb5cb1df89c90a56ac11e880.jpg,0,0,0,1,0
ek76_jpg.rf.7b64d879d790774dd131c4a0e9438e0c.jpg,0,1,0,0,0
pa93_jpeg.rf.7b0a89bb1d79a7b3e40f0cdb98728de1.jpg,0,0,0,1,0
pa96_png.rf.7b7bc8bf722d83fe02a81b42fa6ece79.jpg,0,0,0,1,0
ro44_jpg.rf.7b81da9357015268ecef8e961107a29a.jpg,0,0,0,0,1
pa48_jpg.rf.7ba41dce1a4257c45cedd0b357aa183a.jpg,0,0,0,1,0
ac47_JPG.rf.7bb5d4c6bd78bf0e26fa74ee452f4248.jpg,1,0,0,0,0
ro4_jpg.rf.7b96aaf13c42cca3ba3a9fdc1b24cb73.jpg,0,0,0,0,1
ek38_JPG.rf.7bc61bb2c6168faeb7c55a270cfcf19a.jpg,0,1,0,0,0
ro64_jpg.rf.7c02760ce0fd5f34f3b22a262e1da3b5.jpg,0,0,0,0,1
pa71_jpeg.rf.7c17b5e4a442fe6c2bbed792f6917278.jpg,0,0,0,1,0
pa97_jpg.rf.7c78321249c340c169bccf99ee137eb7.jpg,0,0,0,1,0
pa77_jpg.rf.7cb04c273f982aa81425266e956d23d4.jpg,0,0,0,1,0
ro69_jpg.rf.7d7f8ed25abb7ca6caf40bfea70c32ad.jpg,0,0,0,0,1
pa23_jpg.rf.7ddba05658952744e7c96e0d19176ec9.jpg,0,0,0,1,0
ek27_JPG.rf.7e034277ed2bfc03d42990ddf42c14f3.jpg,0,1,0,0,0
ac78_JPG.rf.7d3dccd7e4c74cdcc12e7661749c90f0.jpg,1,0,0,0,0
pa37_jpg.rf.7e13b789e8c1587989b8ad625120575e.jpg,0,0,0,1,0
ro71_jpg.rf.7e1c1390ca689a7eb36a4223b3d95678.jpg,0,0,0,0,1
ac39_JPG.rf.7e18dd72a98e569d7a24bc4ee4d426c1.jpg,1,0,0,0,0
ek96_jpg.rf.7f94f77ed9162cf65a1193c8944bb57a.jpg,0,1,0,0,0
pa34_jpg.rf.7fc1397f3fd13758b902c7f1ea8ee00f.jpg,0,0,0,1,0
pa85_jpeg.rf.7f585ddb9cb7e8a139baf37f5ab287db.jpg,0,0,0,1,0
ac88_jpg.rf.81fcbbe4ede41898f464c699d8a9b7fa.jpg,1,0,0,0,0
ek4_jpg.rf.801ae7405f1be12013791bf6fef57cd2.jpg,0,1,0,0,0
pa56_jpg.rf.80859e25553516450e433c7463937396.jpg,0,0,0,1,0
ac84_jpg.rf.7f952557fb46b15c4ecc53e916b5a7b4.jpg,1,0,0,0,0
ek77_jpg.rf.822b68fc0b70172df7b8e9d6c57f78a2.jpg,0,1,0,0,0
ac12_jpg.rf.8294f2891fcf26d1ea48f0322f25d911.jpg,1,0,0,0,0
pa74_jpg.rf.7f64ba4ca090c5738dd75a08a3a0f5e2.jpg,0,0,0,1,0
ro60_jpg.rf.8242307bb23ad4dfb9dafb107101cf1a.jpg,0,0,0,0,1
pa19_jpg.rf.82d58342c1b3e28dd548de647c5d5dec.jpg,0,0,0,1,0
ac35_JPG.rf.807d8f211e6221e242b9da360443dce2.jpg,1,0,0,0,0
ek55_JPG.rf.834bcebaf1d4445ea866c46db43c3ba1.jpg,0,1,0,0,0
pa63_png.rf.836c1f62603723c80b0d12f8cef254e9.jpg,0,0,0,1,0
pa84_jpeg.rf.8389ec722fec33a93805f3f654c7d505.jpg,0,0,0,1,0
ek15_JPG.rf.8363cb0115d5da59208f3d237f3f2db9.jpg,0,1,0,0,0
he25_jpg.rf.83408665f59a6ed78784997d60cd7dc3.jpg,0,0,1,0,0
pa75_jpeg.rf.83d3464b062061f3b220e5fa4a2d58f7.jpg,0,0,0,1,0
he7_jpg.rf.83bd53ea7af3770cfe3c08600cffb61a.jpg,0,0,1,0,0
ro49_jpg.rf.84c6677072e57d268098ed8208d5033a.jpg,0,0,0,0,1
pa65_jpg.rf.8505b2b318bcfab642d47f0ca87099c2.jpg,0,0,0,1,0
pa33_jpg.rf.83f5583fa0554c0056a524703789813a.jpg,0,0,0,1,0
ro29_jpg.rf.85ddeb027d10db319070889c2b96f618.jpg,0,0,0,0,1
pa83_jpeg.rf.856b8dd409f367a18b10de146fe1e620.jpg,0,0,0,1,0
pa90_jpg.rf.861ada00b6d94cbbd00e0537f815913a.jpg,0,0,0,1,0
pa68_jpg.rf.835c707a338d69857dcc52594d43b76d.jpg,0,0,0,1,0
ac24_JPG.rf.8679c837f20a2901cfae79b9068a7c6a.jpg,1,0,0,0,0
ro6_jpg.rf.85f660a1eb84f0c30361b0522b779251.jpg,0,0,0,0,1
ro33_jpg.rf.85a36f8feb79cce81561490bf0a69cc8.jpg,0,0,0,0,1
ac30_JPG.rf.8626f7535db855ef5baaa8cc5578b21c.jpg,1,0,0,0,0
pa40_jpg.rf.8768f12c1aec6b18cbee37ebdad7bbd4.jpg,0,0,0,1,0
ro28_jpg.rf.874ffb9216383bf97d771df29a00d952.jpg,0,0,0,0,1
he31_jpg.rf.876837aa78d720eb23e19d59084472e6.jpg,0,0,1,0,0
ek81_jpg.rf.8868ccc469942eb91f98fe6d3b6ef019.jpg,0,1,0,0,0
pa23_png.rf.880b1ce15a023c288a83b2a9ef3beace.jpg,0,0,0,1,0
ro24_jpg.rf.8891b971ed1b7f18f8a251799b4c827c.jpg,0,0,0,0,1
he71_jpg.rf.859e0faa74af76f550995f0f74739538.jpg,0,0,1,0,0
ro24_jpg.rf.87e69ecca86b5b424c7c38f5cd187158.jpg,0,0,0,0,1
he26_jpg.rf.8803e2e78b5d4b9908b45e2719f350a7.jpg,0,0,1,0,0
he11_jpg.rf.88998fd555afc60416917340a0b969d2.jpg,0,0,1,0,0
ek57_JPG.rf.8934a2f9bf49d16907525ad64bd68f91.jpg,0,1,0,0,0
he52_JPG.rf.889a4ef632c236e31e5f9c5951b515be.jpg,0,0,1,0,0
ek94_jpg.rf.88b2d63b317fdc4765e9ce05a0903aa8.jpg,0,1,0,0,0
ac23_JPG.rf.87452b065e789bf7e392de3d98de876e.jpg,1,0,0,0,0
pa13_jpg.rf.892f98daefb0ea0d398aa515be5d55b0.jpg,0,0,0,1,0
ek49_png.rf.89e76882b110fa6387a4208cf7c90b77.jpg,0,1,0,0,0
ro69_jpg.rf.8978009f7b81b78ba4879cd514caf1f2.jpg,0,0,0,0,1
ro19_jpg.rf.89c83d3da3a4f5dd8dc32f1bb8118c70.jpg,0,0,0,0,1
ac88_jpg.rf.8a591fc8f620efdf0196253b7f3d41b8.jpg,1,0,0,0,0
ro54_jpg.rf.8ae7110e145375e4360ae510f50781e5.jpg,0,0,0,0,1
ro78_jpg.rf.8a2ffea1428b3f939197d3fc4b5b52d8.jpg,0,0,0,0,1
he50_jpg.rf.8af6b2379dfcc1566aacd4651ad178dc.jpg,0,0,1,0,0
pa62_JPG.rf.8aa0b9f69c3d0048eb07898840ade082.jpg,0,0,0,1,0
ac61_JPG.rf.88ef972cf5c5a13126564d2a07ab6d4d.jpg,1,0,0,0,0
ro78_jpg.rf.8b837a7cd4e90cbd516d5cdf71190592.jpg,0,0,0,0,1
pa23_png.rf.8b22d4ad7d50d0fd453f4c9e46f21537.jpg,0,0,0,1,0
pa30_jpg.rf.8a59b7dd562a914de0501d411a353eb2.jpg,0,0,0,1,0
pa34_jpg.rf.8bbbb2886dca703b5a5fc5b60acaf0e8.jpg,0,0,0,1,0
ek93_jpg.rf.8b0ae19af2dfd89000ef28f538d282ff.jpg,0,1,0,0,0
pa51_jpg.rf.8c08a3e3c5123fba5dfeec9e1c91abfc.jpg,0,0,0,1,0
ac82_JPG.rf.8b389cd001f70182840bdf1c5a80727a.jpg,1,0,0,0,0
ac88_jpg.rf.8bcd5c8416bdc6deabd4a6d93db409e3.jpg,1,0,0,0,0
ek5_jpg.rf.8c335ef8a373adcfc4037ae5ef02b12f.jpg,0,1,0,0,0
ro10_jpg.rf.8beea01d306c7653a0605d20851f719c.jpg,0,0,0,0,1
ac28_JPG.rf.0017a2bc4af9f837b48eaeabc3b2e7e7.jpg,1,0,0,0,0
pa55_jpg.rf.001f27c2845a4d16dd239d40d1ea45ed.jpg,0,0,0,1,0
ac11_jpg.rf.007e02582aa3a324fb71aa6cbfd35a29.jpg,1,0,0,0,0
ek42_JPG.rf.001c14750dddb6fb1df6015b8dc329fc.jpg,0,1,0,0,0
ek60_jpg.rf.018731eb8564b75b306481b5218188d9.jpg,0,1,0,0,0
ek87_jpg.rf.01ebb6130b647c4cafff09bce0dcaa2e.jpg,0,1,0,0,0
ro50_jpg.rf.019a474cc86eca40691bf8087a8b65e3.jpg,0,0,0,0,1
ek28_JPG.rf.02593f1b1e0db913d219b0f2d3b604e8.jpg,0,1,0,0,0
ek21_jpg.rf.0081a9d85307d7ddefc9dab9b7b4e36f.jpg,0,1,0,0,0
he11_jpg.rf.02b6c8835c39d8ca4fd27e1a29bb3faa.jpg,0,0,1,0,0
pa92_jpg.rf.0309f423ae8f1c099c2363e2ce0ff7f1.jpg,0,0,0,1,0
ac94_JPG.rf.003bb2b6dc721eb8153396d1fbecb989.jpg,1,0,0,0,0
pa68_jpg.rf.02fd36ee91c1864d147c4d99e9ae2e9c.jpg,0,0,0,1,0
ek22_JPG.rf.0341283b41a4cbdc8de1a3dc85ba215a.jpg,0,1,0,0,0
ek18_JPG.rf.0319de0474b3b6c449fe3c401e7c5cdc.jpg,0,1,0,0,0
ac34_JPG.rf.0344eb6a7ebdd3c3e3d58e418602a0db.jpg,1,0,0,0,0
pa39_jpg.rf.0350128f0a6df4da3424a5149a48fd1c.jpg,0,0,0,1,0
ek22_JPG.rf.03fd6d94e505e0ba540d6a081a80875f.jpg,0,1,0,0,0
pa12_jpg.rf.03c4662dbb2d33253761ba304053ec14.jpg,0,0,0,1,0
ro3_jpg.rf.039dbf7221c3570868ad4cd91847d5be.jpg,0,0,0,0,1
he69_JPG.rf.03c4e56e11647459125a5a4492cb7664.jpg,0,0,1,0,0
he41_jpg.rf.0447a014a71e572e5b99995f088f4659.jpg,0,0,1,0,0
ek66_JPG.rf.041991ab67ba3078a1c959265d6c537a.jpg,0,1,0,0,0
ac74_JPG.rf.044ed60fedda697af1bbf60706fb61d4.jpg,1,0,0,0,0
ek41_jpg.rf.045e547b53b1de93168e5e9fa5eeffe5.jpg,0,1,0,0,0
pa3_jpg.rf.0543fa72049606746d416953ebb10297.jpg,0,0,0,1,0
ek40_JPG.rf.0448e8f9d910c2d1a9d49ab44234d116.jpg,0,1,0,0,0
pa21_jpg.rf.05ef117b97771eec2133af5559a07a85.jpg,0,0,0,1,0
ek72_jpg.rf.0578e59948b32d69013305a55e64d4a9.jpg,0,1,0,0,0
ro88_jpg.rf.0577dc40ef11c9f5bcf8520f1b0e8d0b.jpg,0,0,0,0,1
ac10_JPG.rf.0545b88dfe937209a5161236d7c53309.jpg,1,0,0,0,0
pa25_jpg.rf.06ee0dbe2c5ed05f68454abcbd1b9d9c.jpg,0,0,0,1,0
pa44_jpg.rf.0690569ad81c0d5930142a7f23cda1b4.jpg,0,0,0,1,0
pa31_jpg.rf.06fe64721194aca3f08544d7dfb3ea24.jpg,0,0,0,1,0
pa38_jpg.rf.072e538ca755ada9c52c456a98caedb4.jpg,0,0,0,1,0
ro26_jpg.rf.079185be2f537fc65a0571b4cb3af65c.jpg,0,0,0,0,1
ro17_jpg.rf.079563cca53dbc576d2ce73e06da393a.jpg,0,0,0,0,1
ro12_jpg.rf.076a41c292082a0b3fa61b112e633fbd.jpg,0,0,0,0,1
ek46_JPG.rf.07c1ec17005ab72c5f1c2d1046c1eb4f.jpg,0,1,0,0,0
ro53_jpg.rf.087c5f65178e7bf175589943a56df4a7.jpg,0,0,0,0,1
ro97_jpg.rf.0822a7e089b6713d8f4c3b56b251f027.jpg,0,0,0,0,1
ek87_jpg.rf.089c868eed3ec3a397355fefa0e0088a.jpg,0,1,0,0,0
ro51_jpg.rf.092bc65fa03c57048a988fcc551ba400.jpg,0,0,0,0,1
ro14_jpg.rf.0823bcaa39e23d78439d3d6716564966.jpg,0,0,0,0,1
ac77_JPG.rf.09a647af8ec4a9ed6497845203edfc0a.jpg,1,0,0,0,0
he63_jpg.rf.0967e09408de5a133654f3c0fd2bfe85.jpg,0,0,1,0,0
he48_jpg.rf.096ab5bcdfda5dc87f70ab472816ce1d.jpg,0,0,1,0,0
ek54_jpg.rf.09f68318b14046e7b83ee8e3a1d9970d.jpg,0,1,0,0,0
ek100_jpg.rf.09b1a64e7d326f8a6c47db7c02f03616.jpg,0,1,0,0,0
ro67_jpg.rf.0a8539759cbe558449896c88a9010ba1.jpg,0,0,0,0,1
ac57_JPG.rf.0a7b381c30dd465617e1e0ff6351c01c.jpg,1,0,0,0,0
ek4_jpg.rf.0b5b11d14c0fba0ea803367b579815bb.jpg,0,1,0,0,0
ro91_jpg.rf.0a9046c1d66b5e0519cb4a9d0bfaa196.jpg,0,0,0,0,1
ac89_JPG.rf.0acff8af33c747983dc0c42e459ec7e0.jpg,1,0,0,0,0
pa63_png.rf.0b45a6bb116af5e828fd0d03ed2554d6.jpg,0,0,0,1,0
ek79_jpg.rf.0b49f76dcad7e0519bb387788fc0f509.jpg,0,1,0,0,0
he64_jpg.rf.0b02c65c311bf063ab60db6a778c74ec.jpg,0,0,1,0,0
ek44_jpg.rf.0b8cdc69d85be8adfdc366e881cef9da.jpg,0,1,0,0,0
he58_jpg.rf.0b91e4e74e6adb2939816d4d86ab16f2.jpg,0,0,1,0,0
ro25_jpg.rf.0c48a23e6567ae670d83e1a410d8e929.jpg,0,0,0,0,1
ac2_jpg.rf.0bca961971178bd7b111cf8e31a1f00d.jpg,1,0,0,0,0
ac58_JPG.rf.0cd798b4b92d4378e37706619d9cb82e.jpg,1,0,0,0,0
ro51_jpg.rf.0c666c698872048d93e1255bec454265.jpg,0,0,0,0,1
ro80_jpg.rf.0c52d9ad600c549d828759302d80640d.jpg,0,0,0,0,1
he19_jpg.rf.0e8c77813aedb0cb205c0689f488a396.jpg,0,0,1,0,0
pa61_JPG.rf.0deb543fd4176898de4c60ed82a4e45b.jpg,0,0,0,1,0
ek14_JPG.rf.0eb3161d5ac9e0ff6db58c2654e00282.jpg,0,1,0,0,0
ek39_JPG.rf.0e492a6ea76678ada06eee82b6087d4d.jpg,0,1,0,0,0
pa23_jpg.rf.0f232837d33237b3dfff6eba92be7278.jpg,0,0,0,1,0
he35_jpg.rf.0cf4055307c752e0735cd06500420769.jpg,0,0,1,0,0
ac43_JPG.rf.0ef25aed03d38283954ce33dcd5ca69f.jpg,1,0,0,0,0
he37_JPG.rf.0f0a0549f0a84da9b190d2b50fa48bd7.jpg,0,0,1,0,0
ek9_jpg.rf.0f6e599a710137a3837bf1c98dc965ec.jpg,0,1,0,0,0
ro43_jpg.rf.0f8468a3a462a27a9d839a42f6b50563.jpg,0,0,0,0,1
ro32_jpg.rf.101283341db1dea608967f91b90df431.jpg,0,0,0,0,1
ro52_JPG.rf.0ff72fcab1ffb5735b93e6f9d04d5013.jpg,0,0,0,0,1
ek37_JPG.rf.10ae08d80c3d40a7c5caa656bd9d3751.jpg,0,1,0,0,0
ek78_jpg.rf.110a0459b57ac934cacf612300219680.jpg,0,1,0,0,0
ro60_jpg.rf.10a609b34618b9855c286a3809a8136a.jpg,0,0,0,0,1
ac36_JPG.rf.11534a5484f94901af0070b48d519867.jpg,1,0,0,0,0
ek94_jpg.rf.111e599a614dac0d521f670ee3942b40.jpg,0,1,0,0,0
pa25_jpg.rf.10b84c55a5a7cc1043528982fd9a9fdb.jpg,0,0,0,1,0
ro65_jpg.rf.10905bb07cd54ac86cdca8dc381b4b44.jpg,0,0,0,0,1
pa57_jpg.rf.1210157536c83e79cb6c4d6c63574184.jpg,0,0,0,1,0
he23_jpg.rf.1206757c3dbcf775b8aca7e5bda97acb.jpg,0,0,1,0,0
ac56_JPG.rf.1177fe3298e06e6e58516b2f3c71cc72.jpg,1,0,0,0,0
ro28_jpg.rf.10ccd647e38cf1189ac70677702bb6c6.jpg,0,0,0,0,1
pa33_jpg.rf.1222c5c79ba0cc5ff3ee35886cb10e0d.jpg,0,0,0,1,0
pa11_jpg.rf.1221feb0d285df6dd7a74f591a34c981.jpg,0,0,0,1,0
he72_jpg.rf.11d4b05313e7915ca412e32fdddb1fb3.jpg,0,0,1,0,0
pa97_jpeg.rf.12929baf6b295a6c47eb8af100e73487.jpg,0,0,0,1,0
ac22_JPG.rf.1238566795dcea79259cdf0e4d5bd90d.jpg,1,0,0,0,0
he6_jpg.rf.1232805ca4a365b70d8d2cd2caddd037.jpg,0,0,1,0,0
ac96_JPG.rf.0eb6e37b32c0afd8d9e88217198e755e.jpg,1,0,0,0,0
ac23_JPG.rf.12752424aa5e90ed8180c8b97b99028d.jpg,1,0,0,0,0
ro83_jpg.rf.12c7a4f3d1fb01bc64a0554102160b83.jpg,0,0,0,0,1
he56_jpg.rf.1338e25e34bd7a199228589a0e2e74c8.jpg,0,0,1,0,0
ek28_JPG.rf.12b33d08d5a90bdcf52927e2237208f2.jpg,0,1,0,0,0
ac99_JPG.rf.1387adced07a21b7e324d444deb49ea7.jpg,1,0,0,0,0
he44_jpg.rf.13b4b493c237aa606f75dd105ed7a0d8.jpg,0,0,1,0,0
he91_jpg.rf.154e6a0e8a7ce9c83f9a2b92a68b636c.jpg,0,0,1,0,0
ek39_JPG.rf.13d7c3637c695d145db9cdf9c9825ef0.jpg,0,1,0,0,0
ac68_JPG.rf.14e9a982b7d75b605e735c0eb4f9b7bf.jpg,1,0,0,0,0
ek7_jpg.rf.146ecf777bb616b4882c022b4067b374.jpg,0,1,0,0,0
he67_jpg.rf.15f26c04a238462b86dfc85d038f82cd.jpg,0,0,1,0,0
pa51_png.rf.14de508658f0b020eba10e9b8425ef70.jpg,0,0,0,1,0
he32_jpg.rf.15fd87f12a5cdcd0af2bdaec74d57efc.jpg,0,0,1,0,0
ro93_jpg.rf.15506077ca6af14a41b3e2502a9fc36e.jpg,0,0,0,0,1
ac37_JPG.rf.1604b3846a8e1865ab681d5bfd257859.jpg,1,0,0,0,0
ek12_jpg.rf.16539841045a2fb22652ddec9f41cbd9.jpg,0,1,0,0,0
ro68_jpg.rf.16d53a0cfe8b91e1a2a79421d39ad172.jpg,0,0,0,0,1
ek11_jpg.rf.1650d7546ebec07525eaad6d5abe00a6.jpg,0,1,0,0,0
he81_jpg.rf.181f4b4ac75c17e04c84b6e879febedc.jpg,0,0,1,0,0
ek73_jpg.rf.16df2a2a66c106e1d4d0414de70b4102.jpg,0,1,0,0,0
ek56_JPG.rf.170a40a63902b4fae084d3b7f856b299.jpg,0,1,0,0,0
ek38_JPG.rf.1869a521c39abf183de45f95dd43ceb9.jpg,0,1,0,0,0
he93_jpg.rf.17a516c3375d869fadabf4e2f8782d4c.jpg,0,0,1,0,0
ek46_JPG.rf.18c332a5eb5f4313bd5eccd29fbbbf6e.jpg,0,1,0,0,0
he7_jpg.rf.192d05f70fdafe7360bf4923861d9c07.jpg,0,0,1,0,0
he85_png.rf.195553f016d215ff01af865a7b7fda6d.jpg,0,0,1,0,0
ac66_JPG.rf.18381b633c19deee04fdd07af9f5930d.jpg,1,0,0,0,0
pa23_jpg.rf.19661269c91e7e25ca8d7686bb8878c8.jpg,0,0,0,1,0
ek45_JPG.rf.194ebec39affde08a638c4839e32149a.jpg,0,1,0,0,0
ac25_JPG.rf.188be7886babc7b857a11048d97aabf2.jpg,1,0,0,0,0
he64_jpg.rf.19ac761f513f1c9edb743bfc884d9de3.jpg,0,0,1,0,0
ro53_jpeg.rf.19b71253775ebd66ee46a59893a33694.jpg,0,0,0,0,1
pa38_jpg.rf.1aa5864d83643f1d56f34d0a41c0b2e6.jpg,0,0,0,1,0
ro69_jpg.rf.1a5756977a3592dc69302c68a264ab90.jpg,0,0,0,0,1
he94_jpeg.rf.19f350abf23a1865a02870fd25a07847.jpg,0,0,1,0,0
ac90_JPG.rf.1a224e2f738b630fd08749217e028e91.jpg,1,0,0,0,0
ro90_jpg.rf.16481336b43bd928871413af7797336c.jpg,0,0,0,0,1
ek86_jpg.rf.1bcb86972c2d9a1c0706c7ceec11664e.jpg,0,1,0,0,0
he63_jpg.rf.1b2cd80db8ed00f5605a37fcf9f9e672.jpg,0,0,1,0,0
ek62_JPG.rf.1c1259fcd877bdbf7401b0d9794f84d2.jpg,0,1,0,0,0
ac42_JPG.rf.1ba5461243e00b8adc6b6acf4fc9e3be.jpg,1,0,0,0,0
ek86_jpg.rf.1b14d590f59da1d44a1201b6902fc5e7.jpg,0,1,0,0,0
he3_jpg.rf.1c3eff035fca720ce4ad3e0c18dceec5.jpg,0,0,1,0,0
ek25_JPG.rf.1c0724f5ef6a68dc668d262b0c20a008.jpg,0,1,0,0,0
he60_jpg.rf.1c7b88f0e20b8b1bae5c86293a7c3ec4.jpg,0,0,1,0,0
ek61_JPG.rf.1cd25306931d8b023a1a4e84f2ca1434.jpg,0,1,0,0,0
he46_jpg.rf.1c665f60299a037b9d6a8e8c91eff475.jpg,0,0,1,0,0
ro23_jpg.rf.1da695609093576c3792b3fc09d2a170.jpg,0,0,0,0,1
pa26_jpg.rf.1ce1c25a3cbc0801048767c2949bb826.jpg,0,0,0,1,0
ro4_jpg.rf.1d7ea95d1a42db4c1cc98da4eb6a505d.jpg,0,0,0,0,1
pa49_jpg.rf.1d1f843b4a2706cc71df26a00ae5614f.jpg,0,0,0,1,0
he51_jpg.rf.1de4fe658477dcebf820def2acdb8ca6.jpg,0,0,1,0,0
ek37_JPG.rf.1e4459abc521d1745c71f8a902d3e3bd.jpg,0,1,0,0,0
ac78_JPG.rf.1e6b83e05904957e510ef2b2f714933f.jpg,1,0,0,0,0
pa42_jpg.rf.1e971bf50de67a62d27815a8708a78e1.jpg,0,0,0,1,0
he39_jpg.rf.1f0c853f25170838c026e0df1a47fabd.jpg,0,0,1,0,0
he74_jpg.rf.1ed7e7815937ec9e69ccf27cbd344d06.jpg,0,0,1,0,0
pa77_jpg.rf.c10c70e29bb0d790bd955e60b507a91a.jpg,0,0,0,1,0
ro82_jpg.rf.c283fa5d8e329d166499612d713b02a7.jpg,0,0,0,0,1
ac74_JPG.rf.c3f13a016d21382ae429eff6a4142503.jpg,1,0,0,0,0
ac99_JPG.rf.c210484aafcd3a96122d712dedec3d58.jpg,1,0,0,0,0
ro49_jpeg.rf.c577295d6e217187a8c5ebac688d7f1a.jpg,0,0,0,0,1
ek80_jpg.rf.c18dde9ba0c30a90ce6e2fed30371802.jpg,0,1,0,0,0
ac77_JPG.rf.c407c2f26c0aa816aeeecb4ced9bf4a9.jpg,1,0,0,0,0
ro23_jpg.rf.c2ad7f653fa26185a7ee22135bc6dfc1.jpg,0,0,0,0,1
he50_jpg.rf.c13e654b1d2ea16090e4b6ba0ae2aa77.jpg,0,0,1,0,0
ek51_jpg.rf.c06932dd126a484af86304b9e662b8a9.jpg,0,1,0,0,0
ac47_JPG.rf.c2bcc99faa47bf77df768c3533b1259d.jpg,1,0,0,0,0
ek96_jpg.rf.c3b9e93c7776f043ace52fac39fda7dc.jpg,0,1,0,0,0
ek14_JPG.rf.bf6e6cc3a090cddcdb6e353ca5e6d6c5.jpg,0,1,0,0,0
ac63_JPG.rf.c102b8ff481e50362c81ac7bca62447f.jpg,1,0,0,0,0
ek75_jpg.rf.c459527c1887c38fec9aa0689fdc061a.jpg,0,1,0,0,0
ro64_jpg.rf.c0a881f14c6ed82a081223946a5cd7d2.jpg,0,0,0,0,1
pa90_jpg.rf.c398bf2e09e8f29b6901ff9cec81bb1e.jpg,0,0,0,1,0
ac37_JPG.rf.c4308f722d1d5a4023e21919ebcbe2fa.jpg,1,0,0,0,0
he71_jpg.rf.c061af6959ccd9677804cdd4bb7e1afc.jpg,0,0,1,0,0
pa26_jpg.rf.c148c4a99fe8cd535ea7e08d2d06a46e.jpg,0,0,0,1,0
ac12_jpg.rf.bf610e33e31fac801ceaa4098a85145e.jpg,1,0,0,0,0
ek40_JPG.rf.c51a56945d4e166e5944b0ba568f558b.jpg,0,1,0,0,0
pa16_jpg.rf.c35be6c2504f6ac4af1a98b0f3f0038f.jpg,0,0,0,1,0
ro77_jpg.rf.bf7820137d9d2f7a288469ac630dccd3.jpg,0,0,0,0,1
he60_jpg.rf.c5e3a04aadccaccaa9a77dd5453947c5.jpg,0,0,1,0,0
ro57_JPG.rf.c5257b6971499396f16adad683dba93e.jpg,0,0,0,0,1
ro11_jpg.rf.c6a7469f911b17f1c466743efbd92089.jpg,0,0,0,0,1
ek33_JPG.rf.c5dfcda53e022c2d6d198aab1b685cb3.jpg,0,1,0,0,0
pa92_jpg.rf.c736be388876e50ff6eea159df1420e2.jpg,0,0,0,1,0
he22_jpg.rf.c7fcf25b4cebf6b06cefac11fe5332cf.jpg,0,0,1,0,0
pa21_jpg.rf.c828f5fbb47091e5101a693b8a8fc0fb.jpg,0,0,0,1,0
pa66_JPG.rf.c76e50fe2c31883040325e1f884b2f00.jpg,0,0,0,1,0
ac62_JPG.rf.c87184c8f754c2f979657f3804bf5f4e.jpg,1,0,0,0,0
ac87_png.rf.c80d9781a561087c663675643369152b.jpg,1,0,0,0,0
ek54_jpg.rf.c842fd42730e105693fa693c339c7205.jpg,0,1,0,0,0
he89_jpg.rf.c895832c7b59e1e1f9435e1a73eca414.jpg,0,0,1,0,0
pa26_jpg.rf.c8c5a5d98f69c0e2784ff6d41309ca4b.jpg,0,0,0,1,0
he43_jpg.rf.c8b7f7227a51045854ec128dfbf2b3f5.jpg,0,0,1,0,0
he31_jpg.rf.c92ceed1c29f50ec68793ea8a50b6286.jpg,0,0,1,0,0
ek62_png.rf.c9616d1f58de79d8dc223d7ddad44c8e.jpg,0,1,0,0,0
he41_jpg.rf.c9ad74dd5b38e8266f2e5a381780d5a8.jpg,0,0,1,0,0
ek32_jpg.rf.cab128eb6d28d016872b3458fee1babc.jpg,0,1,0,0,0
ac43_JPG.rf.cabcd0c60a46b256bb7c3f7fef5119d7.jpg,1,0,0,0,0
ek76_jpg.rf.ca59928a57639e54b36cc91f2ebea682.jpg,0,1,0,0,0
he23_jpg.rf.cb3777000f32e4da5a29fc5a74977412.jpg,0,0,1,0,0
ek63_JPG.rf.cb1f96b44e8a8c622c1377781d4433f0.jpg,0,1,0,0,0
ek58_jpg.rf.cb459ffb07904b4b18b0a4f1eb329b05.jpg,0,1,0,0,0
he88_jpg.rf.c8cd1a0269569b022f298493f110f119.jpg,0,0,1,0,0
ac77_JPG.rf.cb946a4538af64059c7193d7ffa4bf97.jpg,1,0,0,0,0
he74_jpg.rf.cb3fe7ceab43626990f4681282de7aea.jpg,0,0,1,0,0
he21_jpg.rf.cc511d865f3adb5a982f9be9cda2c63c.jpg,0,0,1,0,0
pa97_jpg.rf.cbc89cc813953cc3f1d0ebea7c5fd671.jpg,0,0,0,1,0
ro2_jpg.rf.cccb40f2dbc4bcbda7e5eadd2bc34092.jpg,0,0,0,0,1
pa73_jpeg.rf.ce608ed4246d88eb0d8dec71fb2bf55b.jpg,0,0,0,1,0
pa53_JPG.rf.cde106d159e6fd0ba143eed7e1146532.jpg,0,0,0,1,0
he69_JPG.rf.cd327d644c62689faba303404943f84f.jpg,0,0,1,0,0
he30_jpg.rf.cc98ed9469736365579a21ffb30183c9.jpg,0,0,1,0,0
he51_jpg.rf.cdb839d1321a39da477058d72a9fdb86.jpg,0,0,1,0,0
ek29_JPG.rf.ced8d7401b0e42b014d1cf74eaa7e6d5.jpg,0,1,0,0,0
pa58_jpg.rf.cbc31c6252a9fd5cac84c29155649c0d.jpg,0,0,0,1,0
ro38_jpg.rf.ce42023e5b6056dc9ff407d8c7f719ba.jpg,0,0,0,0,1
pa96_png.rf.cf822252e22f3d9aaee69bc86cb98f7e.jpg,0,0,0,1,0
he2_jpg.rf.cf1144058f750299bb2595ffb26d5de8.jpg,0,0,1,0,0
he3_jpg.rf.cee31379517590b9d4fcd6038c796709.jpg,0,0,1,0,0
ac1_jpg.rf.cfa3dcd998c443f9dbdce4743948888f.jpg,1,0,0,0,0
ek2_jpg.rf.d044d2b6ebc265772d657a999a393dfa.jpg,0,1,0,0,0
he1_jpg.rf.cfdaa50ba66f01d4b962a7d89e033a68.jpg,0,0,1,0,0
ek12_jpg.rf.d00f43a3dfbf86b6d3881d4846328bf6.jpg,0,1,0,0,0
he22_jpg.rf.cfa4e59b1a31cd076f471c4aaa71e7ee.jpg,0,0,1,0,0
ro70_jpg.rf.d0c7dbe4b594c509b5fa195b9e5bcdb9.jpg,0,0,0,0,1
he48_jpg.rf.d049bbc56beb1db878591875464d8313.jpg,0,0,1,0,0
he2_jpg.rf.d078a4852630d3c345297f0dd1a55647.jpg,0,0,1,0,0
pa42_jpg.rf.d1cb4988a272ec9e4a75d6f43feea092.jpg,0,0,0,1,0
he6_jpg.rf.d201e46be4845aac6f67e460298d0197.jpg,0,0,1,0,0
ek58_jpg.rf.d13ec627a4426ab565cd92126cc792b9.jpg,0,1,0,0,0
pa99_jpg.rf.d2344f092378f9118cf8d475d080d9ee.jpg,0,0,0,1,0
ro75_jpg.rf.d2331bc4a72e9bde85f68e7a91409941.jpg,0,0,0,0,1
ro43_jpg.rf.d296adb7ab845f5b4f06e6badf3dc44a.jpg,0,0,0,0,1
he42_jpg.rf.d279e87a8ce2557d4aef02a5153a8bd3.jpg,0,0,1,0,0
ek83_jpg.rf.d241c75b3496589042e8ff8986a759c5.jpg,0,1,0,0,0
ac25_JPG.rf.d2f37670d1d5d7714949d4b3db1f6e5e.jpg,1,0,0,0,0
ro53_jpeg.rf.d2a81f303cf14bf0f6a9e8fa0937ea9d.jpg,0,0,0,0,1
ek23_jpg.rf.d2b49dd7752e8005b1aceec35f93ed84.jpg,0,1,0,0,0
pa22_jpg.rf.d31da67a416f5a116ebb118662722b01.jpg,0,0,0,1,0
he52_JPG.rf.d2b59a6556fd6c3513c23467330cb0c5.jpg,0,0,1,0,0
ac22_JPG.rf.d35629f4f3138cf75265e7241e7611fb.jpg,1,0,0,0,0
he100_jpg.rf.d3a76240a598005702a4a6bbda770f0f.jpg,0,0,1,0,0
ek27_JPG.rf.d3f154d85713d63243d982f64aa2b314.jpg,0,1,0,0,0
ro67_jpg.rf.d378a88efdfeb73153b6c015aa3f980c.jpg,0,0,0,0,1
pa54_jpg.rf.d547eaeeffbe24f0310d7d0f865faf54.jpg,0,0,0,1,0
ro14_jpg.rf.d4cc018ed5aa0816279f223b5bb7625c.jpg,0,0,0,0,1
pa57_jpg.rf.d3f79369ed9941930a86fd51cf1c15f1.jpg,0,0,0,1,0
ek13_jpg.rf.d3fdb9ab9b5f1e0c3d83d5030853daf0.jpg,0,1,0,0,0
he60_jpg.rf.d5275569634194fa7dc89c8f9cd33e72.jpg,0,0,1,0,0
ek61_JPG.rf.d3fb4f3f3d9146eb5b72ddcae4e4e0e9.jpg,0,1,0,0,0
ro66_jpg.rf.d5d55501964db23281e73e7350088d9d.jpg,0,0,0,0,1
pa24_jpg.rf.d5070680937170ce84881372924747c4.jpg,0,0,0,1,0
he36_jpg.rf.d53db7bb3093bcdf9f634d528368e174.jpg,0,0,1,0,0
ac21_jpg.rf.d6ada0904e9f73ca3bdccfc43c1da766.jpg,1,0,0,0,0
ro84_jpg.rf.d585fb04e0e330ca386188685bc8d1fb.jpg,0,0,0,0,1
he81_jpg.rf.d7d04b28c4f36a4ea6b57400da8ee0a2.jpg,0,0,1,0,0
ek90_jpg.rf.d77e429c9263997b352e63ad3b17e3ad.jpg,0,1,0,0,0
ek29_JPG.rf.d554950257cf97bfcffc9ce44abcb407.jpg,0,1,0,0,0
he97_jpg.rf.d6fb8ebc773edcd904907309f6d17974.jpg,0,0,1,0,0
he65_JPG.rf.d7f951fa5545398c1a2912c275447ad6.jpg,0,0,1,0,0
ek12_jpg.rf.d80e177354593fc6d2d4a2ff2ead417a.jpg,0,1,0,0,0
ek75_jpg.rf.d7645fd801a5c4d78d65e832822a7d0e.jpg,0,1,0,0,0
ac44_JPG.rf.d927348c1906f5dbea26d11293973ea7.jpg,1,0,0,0,0
ek23_jpg.rf.d8c09bd930e80d965ac9f69814f046a1.jpg,0,1,0,0,0
ac24_JPG.rf.d9ba829561996230e2a40529ca4be115.jpg,1,0,0,0,0
ek74_jpg.rf.d9b64e244066b043e9e92f6caeaecbc3.jpg,0,1,0,0,0
ac44_JPG.rf.d827913b4977926132c6c4871e6cab65.jpg,1,0,0,0,0
ro97_jpg.rf.d9d9a879fd5f039f7b749e978932fb7d.jpg,0,0,0,0,1
pa73_jpeg.rf.d9692c632d5257e6b7d345e052e7bcbe.jpg,0,0,0,1,0
ro44_jpg.rf.da2e63609ef19fee69208cf4265c23e4.jpg,0,0,0,0,1
ro28_jpg.rf.dab7e106caca423c66d8777952a9fbbd.jpg,0,0,0,0,1
ro1_jpg.rf.da0970bbac060b6e7d1290edcc8be092.jpg,0,0,0,0,1
ro13_jpg.rf.da41c10413c92d5788ba2586ae252005.jpg,0,0,0,0,1
pa62_JPG.rf.dab710b4b45a2038152631c799e1b5e9.jpg,0,0,0,1,0
he43_jpg.rf.da4966038b48d09a38a29010e4efc012.jpg,0,0,1,0,0
ek86_jpg.rf.dad82df182e98b1ea6ef7c967002ffce.jpg,0,1,0,0,0
ac64_JPG.rf.daea12fe60793de10157ffa4c5d89694.jpg,1,0,0,0,0
he91_jpg.rf.dbc3843eb66600baf544a4fae48f42b7.jpg,0,0,1,0,0
he20_jpg.rf.dbd6617dde05e059480822a3ca683dd7.jpg,0,0,1,0,0
he42_jpg.rf.dbd73909af93d180fd51d18b670e6e79.jpg,0,0,1,0,0
pa54_jpg.rf.dc04918e06992f8f6692f52afaa09b50.jpg,0,0,0,1,0
he95_jpg.rf.dc45f9c17d98389aaba407283b9c56f0.jpg,0,0,1,0,0
ac58_JPG.rf.dc6d789541a9ea349679536984753a10.jpg,1,0,0,0,0
ac70_JPG.rf.dc7cd0e2232c15f69917bc3e5e1b38fd.jpg,1,0,0,0,0
he95_jpg.rf.d7df481d547d6caa2820e95d2c3a73b1.jpg,0,0,1,0,0
he10_jpg.rf.dc52577544c88b4a89d3013a318e0c3a.jpg,0,0,1,0,0
he54_jpg.rf.dbea93354813605e1879699cefefddca.jpg,0,0,1,0,0
ek16_JPG.rf.dc7ecec3d4dcbdf680cb2903fb42e54e.jpg,0,1,0,0,0
ro66_jpg.rf.dca61bdc675ab663a03bdbfd408b1273.jpg,0,0,0,0,1
ek89_jpg.rf.dce29850ec724fafe5981066ab0312ad.jpg,0,1,0,0,0
ac85_JPG.rf.dbdcb19f84bbdaed3f1229719898f534.jpg,1,0,0,0,0
pa35_jpg.rf.dda1b08dd87262c078a041d514b4fcc9.jpg,0,0,0,1,0
ek37_JPG.rf.ddae7b4750d8ef780f63e4cde7bc6e58.jpg,0,1,0,0,0
pa47_JPG.rf.dcc190e11d46f08765488f3c5596b106.jpg,0,0,0,1,0
ac10_JPG.rf.dd59a8fb8f687000e052da35e672e9f5.jpg,1,0,0,0,0
he59_png.rf.ddc640f3fa2bc9fe8bd6a7434f783cae.jpg,0,0,1,0,0
pa61_JPG.rf.dde0189bc23dc1bcd3f9fe75bf32c5ee.jpg,0,0,0,1,0
ac19_jpg.rf.dea8d68a9952c358fe24d0839e4e34b1.jpg,1,0,0,0,0
ac59_JPG.rf.dddec955077a3222d6fd4f75c66330a9.jpg,1,0,0,0,0
ac62_JPG.rf.def45e1c9b2e9be5dfd4d5fb8c290aec.jpg,1,0,0,0,0
ac28_JPG.rf.ddbd8da4a61b80956d81ee5fe346a126.jpg,1,0,0,0,0
he65_JPG.rf.df19ffb2a3f396e9bd331d7dfdb357c9.jpg,0,0,1,0,0
he25_jpg.rf.ded07d21f1c61b1cb3be0f6a5be53f0d.jpg,0,0,1,0,0
ac9_JPG.rf.df9db839ad0df915ea082c5f6f8e0764.jpg,1,0,0,0,0
ac42_JPG.rf.e0225337aa743b7157ce11c8f59052ca.jpg,1,0,0,0,0
ek11_jpg.rf.df58730d44992884842bd848bbbe9612.jpg,0,1,0,0,0
ac85_JPG.rf.df7e7fe12b64ef7688f34cf9d474f3ce.jpg,1,0,0,0,0
ac74_JPG.rf.e04e5312c288f944e8d465b2831aa254.jpg,1,0,0,0,0
he29_jpg.rf.e135dd4b4e25afd364e3533e39efea9d.jpg,0,0,1,0,0
pa51_jpg.rf.e0890f2e23d689dc1e8dd28c268663c1.jpg,0,0,0,1,0
ek51_jpg.rf.e0aaea46f61ad29a48ac76ccd04b20a3.jpg,0,1,0,0,0
ac18_jpg.rf.e126f709c15566735d413f0c525bb109.jpg,1,0,0,0,0
ac15_jpg.rf.e151a4b76ba9fd9e63b992ce63b9d484.jpg,1,0,0,0,0
ac39_JPG.rf.e193a828d6ff8ed2cd8f20a8388dd0b5.jpg,1,0,0,0,0
ek97_jpg.rf.e185e9f7ba2a3471a49edb4683cbda1d.jpg,0,1,0,0,0
ek83_jpg.rf.e1c5114af8591bbdeac5f2d1f0d8525c.jpg,0,1,0,0,0
ac86_JPG.rf.e1a816016d4c71509bc16913cc716d1c.jpg,1,0,0,0,0
ek89_jpg.rf.e1b2e845fdeaae361da1373d8ff8da74.jpg,0,1,0,0,0
pa80_jpg.rf.e19f7562f8eb818c7d37b873e4a53d20.jpg,0,0,0,1,0
pa87_jpeg.rf.e1ccefb83a50a50f2a397cca903e7454.jpg,0,0,0,1,0
ro68_jpg.rf.e1ded181ec55c643b2d722d0041a6691.jpg,0,0,0,0,1
ac3_jpg.rf.e15546ba0627e3f0ade3f5744fd782f5.jpg,1,0,0,0,0
ro38_jpg.rf.e3a712989d4f55ef0d7fc2733f05a389.jpg,0,0,0,0,1
he32_jpg.rf.e4003350349da191cac2328ead6a3ac2.jpg,0,0,1,0,0
he95_jpg.rf.e32bf37d60fcd1d0bac730d82b8aaeee.jpg,0,0,1,0,0
ac2_jpg.rf.e3ee04a17029189a7fa068d1caa8ddee.jpg,1,0,0,0,0
ek80_jpg.rf.e452eac242ce38293abd049b70325e0a.jpg,0,1,0,0,0
ac53_JPG.rf.e4827a195600892272f6fc5714992ba9.jpg,1,0,0,0,0
he25_jpg.rf.e50e9aec0b5059f04df30a378e29028a.jpg,0,0,1,0,0
pa83_jpeg.rf.e479e151e53e756ecf4d1a072d6d1513.jpg,0,0,0,1,0
pa31_jpg.rf.e5c1731f9d5ab8e510c814d3b7a0cc3a.jpg,0,0,0,1,0
ac51_JPG.rf.e5ec43c66b04021e694f0df27ecfa422.jpg,1,0,0,0,0
ek71_jpg.rf.e68a76928a3fce6761008666fb9fb411.jpg,0,1,0,0,0
ek68_jpg.rf.e6c0665d98056f5137cac4dff359fa66.jpg,0,1,0,0,0
he10_jpg.rf.e7c77e30c604ef5c5bdc532556a56fda.jpg,0,0,1,0,0
pa24_jpg.rf.e529d0d26a021519d6a9930e429a5887.jpg,0,0,0,1,0
ek64_jpg.rf.e70f8a39c6412de5ebc979b208a315c3.jpg,0,1,0,0,0
he4_jpg.rf.e792dc726844a70ab3d167b577b34958.jpg,0,0,1,0,0
ro3_jpg.rf.e7f93c37501b7c2e7128296651168e44.jpg,0,0,0,0,1
he76_jpg.rf.e7cf953a2307dcbf935658b40f49abdf.jpg,0,0,1,0,0
pa92_jpg.rf.e7d2bf8a11fa41e06e5ce8e3d58d6ff2.jpg,0,0,0,1,0
ro85_jpg.rf.e8096fda05a43d8cc903260fa8ddf32a.jpg,0,0,0,0,1
ro50_jpg.rf.e85a1025a930ba0d66cbcee536b48197.jpg,0,0,0,0,1
ac58_JPG.rf.e54accc9939b80e7e64dca8557198d2e.jpg,1,0,0,0,0
pa89_jpeg.rf.e8fbcc67461164c5cfda012be2efda1e.jpg,0,0,0,1,0
ek40_JPG.rf.e9faef04b80a8f7e34d5c1c4be6ef552.jpg,0,1,0,0,0
he45_jpg.rf.e95fb2e7b9000430c72bff9dc9a69aa1.jpg,0,0,1,0,0
pa23_png.rf.e87e3356568fa2295b9520bf709e6e1f.jpg,0,0,0,1,0
he89_jpg.rf.e92f41b25a60da91cec69c2a83f527b1.jpg,0,0,1,0,0
ek20_jpg.rf.e9e8f244966cd83a1008a1745c30505f.jpg,0,1,0,0,0
pa75_jpeg.rf.e800c7ce937a0efd97221a96b9c481f5.jpg,0,0,0,1,0
pa32_jpg.rf.ea62b089b03e5ef2b719b78c5e7a3dd2.jpg,0,0,0,1,0
ac69_JPG.rf.eb068ebbbc6ae7a71086b5412793ff1f.jpg,1,0,0,0,0
ek57_JPG.rf.ec46d6099af849b45c3155efcf05ee1f.jpg,0,1,0,0,0
he78_png.rf.ea9672d5b6e74a6386959d1e77944486.jpg,0,0,1,0,0
ek66_JPG.rf.ec267e4464c4420f0ba8705c08e17587.jpg,0,1,0,0,0
pa62_JPG.rf.ea9dc1c48dd29cc1c2bd8d15a96e346e.jpg,0,0,0,1,0
he97_jpg.rf.ece046ab563ecbe0f7f91ac38ee4b9b3.jpg,0,0,1,0,0
ro92_jpg.rf.ecc2272012ba88d52592ca156ee59209.jpg,0,0,0,0,1
he80_jpg.rf.ed05b2a50277399009be90d09012f848.jpg,0,0,1,0,0
ek44_jpg.rf.ed5ce070ce9773bd201bbb5914d868ac.jpg,0,1,0,0,0
ac31_JPG.rf.ed6d473313ebc01ac5d91c5bf3574fdb.jpg,1,0,0,0,0
ac69_JPG.rf.ee411a0930191c382579f8c52ea7809b.jpg,1,0,0,0,0
pa43_JPG.rf.edeff627f8ce293d5ac4586772c4ccbf.jpg,0,0,0,1,0
pa66_JPG.rf.edbdfa28af708840debf5e986b811b42.jpg,0,0,0,1,0
ac92_JPG.rf.edf031e99d67acdfe6289d344de4ab10.jpg,1,0,0,0,0
ek24_JPG.rf.ee8c18ac2f807221c6a3123d281fa947.jpg,0,1,0,0,0
ac59_JPG.rf.ee7fb36bb66a58dcf956f62c330326c4.jpg,1,0,0,0,0
ac63_JPG.rf.ee273c0cfc1a0fb735bbfc6e1f8abd73.jpg,1,0,0,0,0
ro41_jpg.rf.ee9cce5cf9b812a9c22bf74cecf48708.jpg,0,0,0,0,1
pa31_jpg.rf.ef865f5bdb3f045c10e78126044bae4b.jpg,0,0,0,1,0
ek63_JPG.rf.ee9c36ac1fbb9704be8f9c60d9ba1534.jpg,0,1,0,0,0
pa87_jpeg.rf.ef02d32525afc335da25bcc4ee88e6b6.jpg,0,0,0,1,0
ek98_jpg.rf.eeafb54e8417ba15ecd2aedfadccae8c.jpg,0,1,0,0,0
he33_jpg.rf.ef4ac1fa11ad6819d7585cd8cd33021b.jpg,0,0,1,0,0
ek49_png.rf.efda3fe00463356f3d9e08f472b5d125.jpg,0,1,0,0,0
he73_jpg.rf.efd91410cf215cc56b3df98032b0b94c.jpg,0,0,1,0,0
ac27_JPG.rf.efad87b61896c35fb0ea9dcc47fe6b9a.jpg,1,0,0,0,0
pa44_jpg.rf.efc744b43db2937b7c1f4c7e9342126a.jpg,0,0,0,1,0
he15_jpg.rf.f01fb59678c648d304a0b76cdc9a3240.jpg,0,0,1,0,0
ac26_JPG.rf.efdc08b52d0d2a5d6c9386afe4dbf24a.jpg,1,0,0,0,0
ac34_JPG.rf.f0612a9283e183fcf71ea52efb836f74.jpg,1,0,0,0,0
ac53_JPG.rf.f0245b3fd89645cf44045bc47aadfbb7.jpg,1,0,0,0,0
pa22_jpg.rf.f0176f548469e5ef33ddd6469b266ada.jpg,0,0,0,1,0
ac100_JPG.rf.f1508ac4f11fa03b806fad5c8833fafb.jpg,1,0,0,0,0
ac70_JPG.rf.f02e960980515a99c06c7a40cddb1f7e.jpg,1,0,0,0,0
pa70_jpeg.rf.f05f45eefaa5ccacfcf806e486781c4e.jpg,0,0,0,1,0
ek66_JPG.rf.f1644d7864fdf493828bd3a563d0c02e.jpg,0,1,0,0,0
ac62_JPG.rf.f19a599348050649a937d8fcc3bc471f.jpg,1,0,0,0,0
ek14_JPG.rf.f15cb2f36001f55fbf8d7cc7a8529636.jpg,0,1,0,0,0
ac26_JPG.rf.f1e69c96acb1c962b1a23dbc80fe8e37.jpg,1,0,0,0,0
he6_jpg.rf.f184431774f3de2810ecc84519b9cbe1.jpg,0,0,1,0,0
pa2_jpg.rf.f1b6864f481e5543eef7eed04b7a0eb3.jpg,0,0,0,1,0
pa51_png.rf.f2c1e10028c43f886555e5edb12ecc71.jpg,0,0,0,1,0
ro11_jpg.rf.f2a76b1dfd56556177f46352d5d4b01c.jpg,0,0,0,0,1
ek7_jpg.rf.f1d36c394e5a8b69407ece1858139939.jpg,0,1,0,0,0
pa72_jpg.rf.f26c00d3511dd40d0b96a4d87824ac81.jpg,0,0,0,1,0
ro31_jpg.rf.f210518987d54616cf0d4f8d68403193.jpg,0,0,0,0,1
ro48_JPG.rf.f4bcc16cbc0ed0104ffa424c933dcfb5.jpg,0,0,0,0,1
he93_jpg.rf.f4021f54573198540e663ee7884cd777.jpg,0,0,1,0,0
ac60_JPG.rf.f2ba3c1e5f0e5110918c606626b0af44.jpg,1,0,0,0,0
pa35_jpg.rf.f3d39b6e2a0802a3f97fb22ded9523d8.jpg,0,0,0,1,0
ro62_jpg.rf.f3c360db8dd743ce2e659894ff70c894.jpg,0,0,0,0,1
pa82_jpeg.rf.f49f6b4a07b43306a2c75262434239fe.jpg,0,0,0,1,0
ro43_jpg.rf.f4a16b98bd50526dfd6d26f4e258cc0c.jpg,0,0,0,0,1
